name,handedness,height,weight,avg,HR,,,Row Labels,Sum of HR,Sum of height,Sum of weight,height,weight,,,,weight,height
Tom Brown,R,73,170,0,0,,,Reggie Jackson,563,72,195,1,1,,,,195,72
Denny Lemaster,R,73,182,0.13,4,,,Mike Schmidt,548,74,195,1,1,,,,190,73
Joe Nolan,L,71,175,0.263,27,,,Willie Stargell,475,74,188,1,0,,,,180,74
Denny Doyle,L,69,175,0.25,16,,,Carl Yastrzemski,452,71,175,0,0,,,,,
Jose Cardenal,R,70,150,0.275,138,,,Dave Kingman,442,78,210,0,0,,,,,
Mike Ryan,R,74,205,0.193,28,,,Darrell Evans,414,74,200,1,0,,,,,
Fritz Peterson,B,72,185,0.159,2,,,Graig Nettles,390,72,180,1,1,,,,,
Dick Bertell,R,72,200,0.25,10,,,Johnny Bench,389,73,197,1,0,,,,,
Rod Kanehl,R,73,180,0.241,6,,,Jim Rice,382,74,200,1,0,,,,,
Ozzie Osborn,R,74,195,0,0,,,Tony Perez,379,74,175,1,0,,,,,
John LaRose,L,73,185,0,0,,,Lee May,354,75,195,,,,,,,
Jeff Byrd,R,75,195,0,0,,,Dick Allen,351,71,187,,,,,,,
Juan Bonilla,R,69,170,0.256,7,,,George Foster,348,73,180,,,,,,,
Frank Tepedino,L,71,185,0.241,6,,,Ron Santo,342,72,190,,,,,,,
Jerry Kutzler,L,73,175,0,0,,,Boog Powell,339,76,230,,,,,,,
Rick Wise,R,73,180,0.195,15,,,Don Baylor,338,73,190,,,,,,,
Darrell Evans,L,74,200,0.248,414,,,Bobby Bonds,332,73,190,,,,,,,
Buck Martinez,R,70,190,0.225,58,,,Willie Horton,325,71,209,,,,,,,
John Wockenfuss,R,72,190,0.262,86,,,Ron Cey,316,70,185,,,,,,,
Tommy McCraw,L,72,183,0.246,75,,,Reggie Smith,314,72,180,,,,,,,
Jeff Barkley,B,75,185,0,0,,,Greg Luzinski,307,73,220,,,,,,,
Eric Wilkins,R,73,190,0,0,,,Fred Lynn,306,73,185,,,,,,,
Britt Burns,L,77,215,0,0,,,Rusty Staub,292,74,190,,,,,,,
Lee Lacy,R,73,175,0.286,91,,,Jimmy Wynn,291,70,160,,,,,,,
Pete Rose,B,71,192,0.303,160,,,Steve Garvey,272,70,192,,,,,,,
Danny Walton,R,72,195,0.223,28,,,George Scott,271,74,200,,,,,,,
Bobby Cox,R,71,180,0.225,9,,,Joe Morgan,268,67,160,,,,,,,
Brad Wellman,R,72,170,0.231,6,,,Gorman Thomas,268,74,210,,,,,,,
Jeff Newman,R,74,215,0.224,63,,,George Hendrick,267,75,195,,,,,,,
Pedro Gonzalez,R,72,176,0.244,8,,,Larry Parrish,256,75,190,,,,,,,
Nardi Contreras,B,74,193,0,0,,,John Mayberry,255,75,215,,,,,,,
Tommie Reynolds,R,74,190,0.226,12,,,Andre Thornton,253,75,200,,,,,,,
Gene Clines,R,69,170,0.277,5,,,Joe Torre,252,74,212,,,,,,,
Jim Hickman,R,75,192,0.252,159,,,Bobby Murcer,252,71,160,,,,,,,
Jack Billingham,R,76,195,0.111,0,,,Tony Armas,251,71,182,,,,,,,
Jerry Buchek,R,71,185,0.22,22,,,Ted Simmons,248,71,193,,,,,,,
Ivan DeJesus,R,71,175,0.254,21,,,Ken Singleton,246,76,210,,,,,,,
Gary Nolan,R,74,197,0.138,1,,,Deron Johnson,245,74,200,,,,,,,
Gil Patterson,R,73,185,0,0,,,Sal Bando,242,72,195,,,,,,,
Fred Whitfield,L,73,190,0.253,108,,,Dusty Baker,242,74,183,,,,,,,
Larry Dierker,R,76,215,0.136,4,,,Rick Monday,241,75,193,,,,,,,
Dave Skaggs,R,74,200,0.241,3,,,Cecil Cooper,241,74,165,,,,,,,
Dick Ruthven,R,75,190,0.183,1,,,Jeff Burroughs,240,73,200,,,,,,,
Jerry Garvin,L,75,195,0,0,,,Doug DeCinces,237,74,190,,,,,,,
Steve Eddy,R,74,185,0,0,,,Ben Oglivie,235,74,160,,,,,,,
Dave Kingman,R,78,210,0.236,442,,,Gary Matthews,234,74,185,,,,,,,
Eric Soderholm,R,71,187,0.264,102,,,Bobby Grich,224,74,180,,,,,,,
Kevin Mmahat,L,77,220,0,0,,,Tony Oliva,220,73,175,,,,,,,
Ed Brinkman,R,72,170,0.224,60,,,Joe Pepitone,219,74,185,,,,,,,
Wayne Garrett,L,71,175,0.239,61,,,Al Oliver,219,72,195,,,,,,,
Tony Muser,L,74,180,0.259,7,,,Bob Horner,218,73,195,,,,,,,
Jim Siwy,R,76,200,0,0,,,Chet Lemon,215,72,190,,,,,,,
Bud Anderson,R,75,210,0,0,,,Rico Petrocelli,210,72,175,,,,,,,
Ted Ford,R,70,180,0.219,17,,,Jason Thompson,208,76,200,,,,,,,
Kevin Stanfield,L,72,190,0,0,,,Richie Zisk,207,73,200,,,,,,,
Jim Lyttle,L,72,180,0.248,9,,,Rico Carty,204,75,200,,,,,,,
John Butcher,R,76,185,0,0,,,Richie Hebner,203,73,195,,,,,,,
Jerry Ujdur,R,73,195,0,0,,,Gene Tenace,201,72,190,,,,,,,
Scot Thompson,L,75,195,0.262,5,,,Buddy Bell,201,73,180,,,,,,,
Gene Locklear,L,70,165,0.274,9,,,Oscar Gamble,200,71,160,,,,,,,
Bo Diaz,R,71,185,0.255,87,,,Don Mincher,200,75,205,,,,,,,
Bump Wills,B,69,172,0.266,36,,,Bill Freehan,200,75,203,,,,,,,
Brian Denman,R,76,205,0,0,,,Cesar Cedeno,199,74,175,,,,,,,
Pat Putnam,L,72,205,0.255,63,,,Dick McAuliffe,197,71,176,,,,,,,
Kurt Bevacqua,R,72,180,0.236,27,,,Cliff Johnson,196,76,215,,,,,,,
Bob Fallon,L,75,200,0,0,,,Toby Harrah,195,72,175,,,,,,,
Syd O'Brien,R,73,185,0.23,24,,,Amos Otis,193,71,165,,,,,,,
Chris Chambliss,L,73,195,0.279,185,,,Hal McRae,191,71,180,,,,,,,
Tom Satriano,L,73,185,0.225,21,,,Bob Bailey,189,73,180,,,,,,,
Jeffrey Leonard,R,74,200,0.266,144,,,Darrell Porter,188,72,193,,,,,,,
Dal Maxvill,R,71,157,0.217,6,,,Chris Chambliss,185,73,195,,,,,,,
Steve Curry,R,78,217,0,0,,,Bob Watson,184,72,201,,,,,,,
Cesar Tovar,R,69,155,0.278,46,,,Willie Davis,182,74,180,,,,,,,
Mickey Lolich,B,73,170,0.11,0,,,Joe Rudi,179,74,200,,,,,,,
Ray Chadwick,B,74,180,0,0,,,Don Money,176,73,170,,,,,,,
Jack Heidemann,R,72,175,0.211,9,,,Bill Buckner,174,72,185,,,,,,,
Rich Rollins,R,70,185,0.269,77,,,Nate Colbert,173,74,190,,,,,,,
Walt Bond,L,79,228,0.256,41,,,Jim Ray Hart,170,71,185,,,,,,,
Merv Rettenmund,R,70,190,0.271,66,,,Tony Conigliaro,166,75,185,,,,,,,
Bryan Clutterbuck,R,76,223,0,0,,,Larry Hisle,166,74,193,,,,,,,
Byron Browne,R,74,190,0.236,30,,,Dwayne Murphy,166,73,185,,,,,,,
Hector Torres,R,72,175,0.216,18,,,Bill Robinson,166,74,189,,,,,,,
Walt Williams,R,66,165,0.27,33,,,Jose Cruz,165,72,170,,,,,,,
Jerry Koosman,R,74,205,0.119,2,,,Claudell Washington,164,72,190,,,,,,,
Steve Lombardozzi,R,72,175,0.233,20,,,Roy Smalley,163,73,185,,,,,,,
Joe Azcue,R,72,190,0.252,50,,,Bill Madlock,163,71,180,,,,,,,
Elliott Maddox,R,71,180,0.261,18,,,Keith Hernandez,162,72,180,,,,,,,
Omar Moreno,L,74,180,0.252,37,,,Roy White,160,70,160,,,,,,,
Julian Javier,R,73,175,0.257,78,,,Pete Rose,160,71,192,,,,,,,
Tony Ferreira,L,73,160,0,0,,,Frank White,160,71,165,,,,,,,
Elio Chacon,R,69,160,0.232,4,,,Bill Melton,160,74,200,,,,,,,
Rusty Torres,B,70,175,0.212,35,,,Jim Hickman,159,75,192,,,,,,,
John Stearns,R,72,185,0.26,46,,,Donn Clendenon,159,76,209,,,,,,,
Larry Brown,R,70,160,0.233,47,,,Ken McMullen,156,75,190,,,,,,,
Tommy Dean,R,72,165,0.18,4,,,Davey Lopes,155,69,170,,,,,,,
Bryan Oelkers,L,75,192,0,0,,,Doug Rader,155,74,208,,,,,,,
Kevin Bearse,L,74,195,0,0,,,Tom Tresh,153,73,180,,,,,,,
Marty Martinez,B,72,170,0.243,0,,,Jim Northrup,153,75,190,,,,,,,
Bruce Boisclair,L,74,185,0.263,10,,,Dan Driessen,153,71,187,,,,,,,
Ken Singleton,B,76,210,0.282,246,,,Jim Fregosi,151,73,190,,,,,,,
Frank White,R,71,165,0.255,160,,,Lou Brock,149,71,170,,,,,,,
Jim Fairey,L,70,190,0.235,7,,,Sixto Lezcano,148,70,165,,,,,,,
Jose Roman,R,72,175,0,0,,,Ruppert Jones,147,70,170,,,,,,,
Tom Brookens,R,70,165,0.246,71,,,Leon Durham,147,73,185,,,,,,,
Gary Thomasson,L,73,180,0.249,61,,,Tommy Harper,146,69,165,,,,,,,
Mike Trujillo,R,73,180,0,0,,,Jim Spencer,146,74,195,,,,,,,
Albert Williams,R,76,190,0,0,,,Jeffrey Leonard,144,74,200,,,,,,,
Oswaldo Peraza,R,76,172,0,0,,,Willie Montanez,139,72,170,,,,,,,
Otto Velez,R,72,170,0.251,78,,,Johnny Briggs,139,73,190,,,,,,,
Tony Scott,B,72,164,0.249,17,,,Jose Cardenal,138,70,150,,,,,,,
Ray Oyler,R,71,165,0.175,15,,,Earl Williams,138,75,215,,,,,,,
Barry Cort,R,77,210,0,0,,,Davey Johnson,136,73,170,,,,,,,
Floyd Robinson,L,69,175,0.283,67,,,Tom Haller,134,76,195,,,,,,,
Steve Jeltz,B,71,180,0.21,5,,,Paul Blair,134,72,168,,,,,,,
Lou Brock,L,71,170,0.293,149,,,Mack Jones,133,73,180,,,,,,,
Bill Wilkinson,R,70,160,0,0,,,Ken Harrelson,131,74,190,,,,,,,
Joe Lovitto,B,72,185,0.216,4,,,John Milner,131,72,185,,,,,,,
Mike Loynd,R,76,210,0,0,,,Steve Kemp,130,72,195,,,,,,,
Wayne Comer,R,70,175,0.229,16,,,Tommie Agee,130,71,195,,,,,,,
Dave Collins,B,71,175,0.272,32,,,Mike Epstein,130,75,230,,,,,,,
Ed Spiezio,R,71,180,0.238,39,,,Jorge Orta,130,70,170,,,,,,,
Rico Petrocelli,R,72,175,0.251,210,,,Gary Ward,130,74,195,,,,,,,
Johnny Lewis,L,73,189,0.227,22,,,Jody Davis,127,76,192,,,,,,,
Dick Simpson,R,76,176,0.207,15,,,Aurelio Rodriguez,124,70,180,,,,,,,
Ken Boswell,L,72,170,0.248,31,,,Willie Upshaw,123,72,185,,,,,,,
Ken McMullen,R,75,190,0.248,156,,,Ken Phelps,123,73,209,,,,,,,
Randy Scarbery,B,73,185,0,0,,,Ellis Valentine,123,76,205,,,,,,,
Steve Swisher,R,74,205,0.216,20,,,Nick Esasky,122,75,200,,,,,,,
Ben Callahan,R,79,230,0,0,,,Ken Henderson,122,74,180,,,,,,,
Dick Howser,R,68,155,0.248,16,,,Joe Ferguson,122,74,200,,,,,,,
Manny Castillo,B,69,160,0.242,3,,,Don Lock,122,74,195,,,,,,,
Mike Ramsey,B,73,170,0.24,2,,,Wayne Gross,121,74,210,,,,,,,
Willie Crawford,L,73,197,0.268,86,,,Keith Moreland,121,72,190,,,,,,,
Bobby Cuellar,R,71,188,0,0,,,Gary Roenicke,121,75,205,,,,,,,
Willie Norwood,R,72,185,0.242,18,,,Jimmie Hall,121,72,175,,,,,,,
Mike Jones,L,78,215,0,0,,,Dan Ford,121,73,185,,,,,,,
Jeff Stone,L,72,175,0.277,11,,,Leo Cardenas,118,71,150,,,,,,,
Ramon Manon,R,72,150,0,0,,,Mike Easler,118,72,190,,,,,,,
Joe Lahoud,L,73,198,0.223,65,,,Ed Kranepool,118,75,205,,,,,,,
Tim Flannery,L,71,175,0.255,9,,,Mickey Stanley,117,73,185,,,,,,,
Dave McKay,B,73,195,0.229,21,,,Garry Maddox,117,75,175,,,,,,,
John Trautwein,R,75,205,0,0,,,Rick Reichardt,116,75,210,,,,,,,
Andy Replogle,R,77,205,0,0,,,John Lowenstein,116,72,175,,,,,,,
Zach Crouch,L,75,180,0,0,,,Bob Robertson,115,73,195,,,,,,,
Benny Ayala,R,73,185,0.251,38,,,Thurman Munson,113,71,190,,,,,,,
Ron Romanick,R,76,195,0,0,,,Greg Walker,113,75,205,,,,,,,
Greg Gross,L,70,160,0.287,7,,,Chuck Hinton,113,73,180,,,,,,,
Bruce Tanner,L,75,220,0,0,,,Jim Morrison,112,71,175,,,,,,,
Sal Butera,R,72,190,0.227,8,,,Curt Blefary,112,74,195,,,,,,,
Jack Brohamer,L,70,165,0.245,30,,,Chris Speier,112,73,175,,,,,,,
Von Joshua,L,70,170,0.273,30,,,Max Alvis,111,71,185,,,,,,,
Eddie Milner,L,71,173,0.253,42,,,Willie Aikens,110,75,220,,,,,,,
Johnny Jeter,R,73,180,0.244,18,,,Phil Garner,109,70,175,,,,,,,
Angel Salazar,R,72,180,0.212,2,,,Dave Duncan,109,74,190,,,,,,,
Tony Oliva,L,73,175,0.304,220,,,Fred Whitfield,108,73,190,,,,,,,
Cito Gaston,R,75,190,0.256,91,,,Al Cowens,108,73,197,,,,,,,
Cookie Rojas,R,70,160,0.263,54,,,Larry Herndon,107,75,190,,,,,,,
Rich Morales,R,71,170,0.195,6,,,Lee Thomas,106,74,195,,,,,,,
Dave Ford,R,76,190,0,0,,,Bob Boone,105,74,195,,,,,,,
Dan Ford,R,73,185,0.27,121,,,Tony Gonzalez,103,69,170,,,,,,,
Barry Raziano,B,70,175,0,0,,,Steve Yeager,102,72,190,,,,,,,
Darryl Motley,R,69,196,0.243,44,,,Ollie Brown,102,74,178,,,,,,,
Ozzie Virgil,R,73,180,0.243,98,,,Lou Piniella,102,72,182,,,,,,,
Johnny Oates,L,71,188,0.25,14,,,Eric Soderholm,102,71,187,,,,,,,
Pat Underwood,L,72,175,0,0,,,Jay Johnstone,102,73,175,,,,,,,
Mike Phillips,L,72,170,0.24,11,,,Denis Menke,101,72,185,,,,,,,
Ron Santo,R,72,190,0.277,342,,,Dave Concepcion,101,74,155,,,,,,,
Jay Johnstone,L,73,175,0.267,102,,,Duke Sims,100,74,197,,,,,,,
Jim Ray Hart,R,71,185,0.278,170,,,Bruce Bochte,100,75,195,,,,,,,
Marc Hill,R,75,205,0.223,34,,,Johnny Grubb,99,75,175,,,,,,,
Joel McKeon,L,72,185,0,0,,,Pete Ward,98,73,185,,,,,,,
Danny Fife,R,75,175,0,0,,,Ozzie Virgil,98,73,180,,,,,,,
Chico Salmon,R,70,160,0.249,31,,,Butch Hobson,98,73,193,,,,,,,
Joe Niekro,R,73,185,0.156,1,,,Bernie Carbo,96,71,173,,,,,,,
Andy Etchebarren,R,73,190,0.235,49,,,Dave May,96,70,186,,,,,,,
Ken Berry,R,72,175,0.255,58,,,Mike Jorgensen,95,72,195,,,,,,,
Dave Concepcion,R,74,155,0.267,101,,,Jim Sundberg,95,72,190,,,,,,,
Junior Moore,R,71,185,0.264,7,,,Jerry Morales,95,70,155,,,,,,,
Mike Richardt,R,72,170,0.226,4,,,Bob Oliver,94,75,205,,,,,,,
Chris Brown,R,72,185,0.269,38,,,Lee Mazzilli,93,73,180,,,,,,,
Al Bumbry,L,68,170,0.281,54,,,Don Buford,93,67,160,,,,,,,
Al Downing,R,71,175,0.127,2,,,Cleon Jones,93,72,185,,,,,,,
Bob Didier,B,72,190,0.229,0,,,Rod Carew,92,72,170,,,,,,,
Jake Gibbs,L,72,180,0.233,25,,,Mike Davis,91,74,175,,,,,,,
Garry Hancock,L,72,175,0.247,12,,,Ken Landreaux,91,70,165,,,,,,,
Ed Kranepool,L,75,205,0.261,118,,,Lee Lacy,91,73,175,,,,,,,
Rick Rhoden,R,75,195,0.238,9,,,Bob Brenly,91,74,210,,,,,,,
Denny McLain,R,73,185,0.133,1,,,Cito Gaston,91,75,190,,,,,,,
Chuck Hiller,L,71,170,0.243,20,,,Mike Lum,90,72,180,,,,,,,
Jorge Orta,L,70,170,0.278,130,,,Carlos May,90,71,200,,,,,,,
Dave Cash,R,71,170,0.283,21,,,Alan Ashby,90,74,185,,,,,,,
Bucky Dent,R,69,170,0.247,40,,,Del Unser,87,73,180,,,,,,,
Andy Beene,R,75,205,0,0,,,Bo Diaz,87,71,185,,,,,,,
Bruce Robbins,L,73,190,0,0,,,Willie Crawford,86,73,197,,,,,,,
Tony Gonzalez,L,69,170,0.286,103,,,Tom Paciorek,86,76,215,,,,,,,
Leon Hooten,R,71,180,0,0,,,John Wockenfuss,86,72,190,,,,,,,
Larry Haney,R,74,195,0.215,12,,,Ed Charles,86,70,170,,,,,,,
Billy Conigliaro,R,72,180,0.256,40,,,Bobby Tolan,86,71,170,,,,,,,
Gary Roenicke,R,75,205,0.247,121,,,Dan Meyer,86,71,180,,,,,,,
Don Lock,R,74,195,0.238,122,,,Jerry Martin,85,73,195,,,,,,,
Billy Cowan,R,72,170,0.236,40,,,Ed Kirkpatrick,85,71,195,,,,,,,
Billy Smith,B,74,185,0.23,17,,,Ray Knight,84,73,185,,,,,,,
Allan Ramirez,R,70,180,0,0,,,Gates Brown,84,71,220,,,,,,,
Tony Perez,R,74,175,0.279,379,,,Bobby Darwin,83,74,190,,,,,,,
Chuck Schilling,R,70,160,0.239,23,,,Randy Hundley,82,71,170,,,,,,,
Hal McRae,R,71,180,0.29,191,,,Roger Repoz,82,75,190,,,,,,,
Dave Roberts,R,75,215,0.239,49,,,Johnny Edwards,81,76,220,,,,,,,
Brian Allard,R,73,175,0,0,,,Mike Ivie,81,75,205,,,,,,,
Jim Lefebvre,B,72,180,0.251,74,,,John Bateman,81,75,210,,,,,,,
Fernando Arroyo,R,74,180,0,0,,,Roy Howell,80,73,190,,,,,,,
Gary Beare,R,76,205,0,0,,,Mike Hargrove,80,72,195,,,,,,,
Charlie Spikes,R,75,215,0.246,65,,,Joel Youngblood,80,72,180,,,,,,,
Brian Dubois,L,70,165,0,0,,,Dick Green,80,70,180,,,,,,,
Steve Whitaker,L,72,180,0.23,24,,,Ed Herrmann,80,73,195,,,,,,,
Manny Jimenez,L,73,185,0.272,26,,,Juan Beniquez,79,71,150,,,,,,,
Chris Batton,R,76,195,0,0,,,Bob Tillman,79,76,205,,,,,,,
Duffy Dyer,R,72,187,0.221,30,,,Bert Campaneris,79,70,160,,,,,,,
Ken Henderson,B,74,180,0.257,122,,,Phil Bradley,78,72,185,,,,,,,
Vance Lovelace,L,77,205,0,0,,,Julian Javier,78,73,175,,,,,,,
Greg Thayer,R,71,182,0,0,,,Otto Velez,78,72,170,,,,,,,
Vern Fuller,R,73,170,0.232,14,,,Leon Roberts,78,75,200,,,,,,,
Paul Hartzell,R,77,200,0,0,,,Alex Johnson,78,72,205,,,,,,,
Wayne Gross,L,74,210,0.233,121,,,Tim Laudner,77,75,212,,,,,,,
Mike Champion,R,72,185,0.229,2,,,Rich Rollins,77,70,185,,,,,,,
Ralph Botting,L,72,195,0,0,,,Milt May,77,72,190,,,,,,,
Paul Casanova,R,76,180,0.225,50,,,Leroy Stanton,77,73,195,,,,,,,
Steve Rogers,R,74,175,0.138,0,,,Don Wert,77,70,162,,,,,,,
Keith Creel,R,74,180,0,0,,,Jim Dwyer,77,70,165,,,,,,,
Terry Crowley,L,72,180,0.25,42,,,Tony Horton,76,75,210,,,,,,,
Horace Clarke,B,69,170,0.256,27,,,Pat Kelly,76,73,185,,,,,,,
Lou Clinton,R,73,185,0.247,65,,,George Mitterwald,76,74,195,,,,,,,
Larry Cox,R,70,178,0.221,12,,,Tommy McCraw,75,72,183,,,,,,,
Nate Colbert,R,74,190,0.243,173,,,Ralph Garr,75,71,185,,,,,,,
Phil Roof,R,74,190,0.215,43,,,Jim Lefebvre,74,72,180,,,,,,,
Chuck Hinton,R,73,180,0.264,113,,,Ron Swoboda,73,74,195,,,,,,,
Tim Cullen,R,73,185,0.22,9,,,Andy Kosco,73,75,205,,,,,,,
Tim Harkness,L,74,182,0.235,14,,,Bernie Allen,73,72,175,,,,,,,
Rick Bosetti,R,71,185,0.25,17,,,Mitchell Page,72,74,205,,,,,,,
Ron Pruitt,R,72,185,0.269,12,,,Mike Young,72,74,195,,,,,,,
George Foster,R,73,180,0.274,348,,,Tom Brookens,71,70,165,,,,,,,
Jerry White,B,70,164,0.253,21,,,Glenn Hubbard,70,69,150,,,,,,,
Angel Mangual,R,70,178,0.245,22,,,Jerry Mumphrey,70,74,185,,,,,,,
Ken Gerhart,R,72,190,0.221,24,,,John Ellis,69,74,225,,,,,,,
Mike Hershberger,R,70,175,0.252,26,,,Charley Smith,69,73,170,,,,,,,
Jim French,L,68,180,0.196,5,,,Steve Henderson,68,74,190,,,,,,,
Dave Roberts,L,75,195,0.194,7,,,Ken Reitz,68,72,180,,,,,,,
Jim Mason,L,74,185,0.203,12,,,Mike Shannon,68,75,195,,,,,,,
Mike Smith,R,75,180,0,0,,,Art Shamsky,68,73,168,,,,,,,
Willie Smith,L,72,182,0.248,46,,,Floyd Robinson,67,69,175,,,,,,,
T.R. Bryden,R,76,190,0,0,,,Mike Andrews,66,75,195,,,,,,,
Jose Arcia,R,75,170,0.215,1,,,Merv Rettenmund,66,70,190,,,,,,,
Leon Durham,L,73,185,0.277,147,,,Dick Dietz,66,73,195,,,,,,,
Tom Makowski,R,71,185,0,0,,,Danny Cater,66,72,170,,,,,,,
Paul Householder,B,72,180,0.236,29,,,Tom Grieve,65,74,190,,,,,,,
Aurelio Rodriguez,R,70,180,0.237,124,,,Lou Clinton,65,73,185,,,,,,,
Jimmy Stewart,B,72,165,0.237,8,,,Joe Lahoud,65,73,198,,,,,,,
Dick Phillips,L,72,180,0.229,12,,,Manny Sanguillen,65,72,193,,,,,,,
Andres Thomas,R,73,170,0.234,42,,,Charlie Spikes,65,75,215,,,,,,,
Ed Crosby,L,74,175,0.22,0,,,Butch Wynegar,65,73,190,,,,,,,
Mike de la Hoz,R,71,175,0.251,25,,,Wes Parker,64,73,180,,,,,,,
Frank Taveras,R,72,155,0.255,2,,,Lamar Johnson,64,74,215,,,,,,,
Joe Nossek,R,72,178,0.228,3,,,Pat Putnam,63,72,205,,,,,,,
Larry Stahl,L,72,175,0.232,36,,,Jeff Newman,63,74,215,,,,,,,
Jose Cruz,L,72,170,0.284,165,,,Bake McBride,63,74,190,,,,,,,
Don Mason,L,71,160,0.205,3,,,Ellie Hendricks,62,73,175,,,,,,,
Bill Robinson,R,74,189,0.258,166,,,Dave Revering,62,76,210,,,,,,,
Jim Umbarger,L,78,200,0,0,,,Ray Fosse,61,74,215,,,,,,,
Sal Bando,R,72,195,0.254,242,,,Wayne Garrett,61,71,175,,,,,,,
George Mitterwald,R,74,195,0.236,76,,,Mickey Rivers,61,70,165,,,,,,,
Mike Darr,R,76,190,0,0,,,Manny Trillo,61,73,150,,,,,,,
Craig Robinson,R,70,165,0.219,0,,,Gary Thomasson,61,73,180,,,,,,,
Bob Tillman,R,76,205,0.232,79,,,Bill Schroeder,61,74,200,,,,,,,
Curt Wardle,L,77,220,0,0,,,Dave Nicholson,61,74,215,,,,,,,
Pat Corrales,R,72,180,0.216,4,,,Enos Cabell,60,76,170,,,,,,,
Mike Tyson,R,69,170,0.241,27,,,Ed Brinkman,60,72,170,,,,,,,
Rafael Landestoy,B,70,165,0.237,4,,,Ron LeFlore,59,72,200,,,,,,,
Duane Josephson,R,72,190,0.258,23,,,Bill Sudakis,59,73,190,,,,,,,
Duane Walker,L,72,185,0.229,24,,,Adolfo Phillips,59,73,175,,,,,,,
Glenn Hubbard,R,69,150,0.244,70,,,Joe Foy,58,72,215,,,,,,,
Roger Freed,R,72,190,0.245,22,,,Ken Berry,58,72,175,,,,,,,
George Hendrick,R,75,195,0.278,267,,,Buck Martinez,58,70,190,,,,,,,
Rod Carew,L,72,170,0.328,92,,,Paul Schaal,57,71,165,,,,,,,
Bob Davis,R,72,180,0.197,6,,,Barry Foote,57,75,205,,,,,,,
Toby Harrah,R,72,175,0.264,195,,,Ron Jackson,56,72,200,,,,,,,
Rick Manning,L,73,180,0.257,56,,,Rick Manning,56,73,180,,,,,,,
Israel Sanchez,L,69,170,0,0,,,Barry Bonnell,56,75,190,,,,,,,
Steve Burke,B,74,200,0,0,,,Bobby Knoop,56,73,170,,,,,,,
Gary Matthews,R,74,185,0.281,234,,,Dave Roberts,56,150,410,,,,,,,
Cesar Geronimo,L,72,165,0.258,51,,,Gene Alley,55,70,160,,,,,,,
Billy Bryan,L,76,200,0.216,41,,,Gary Alexander,55,74,195,,,,,,,
Terry Taylor,R,73,180,0,0,,,Clay Dalrymple,55,72,190,,,,,,,
Terry Whitfield,L,73,197,0.281,33,,,Champ Summers,54,74,205,,,,,,,
Mario Mendoza,R,71,170,0.215,4,,,Cookie Rojas,54,70,160,,,,,,,
Fred Lynn,L,73,185,0.283,306,,,Al Bumbry,54,68,170,,,,,,,
Larry Hisle,R,74,193,0.273,166,,,Mike Hegan,53,73,188,,,,,,,
Graig Nettles,L,72,180,0.248,390,,,Johnny Ray,53,71,170,,,,,,,
Randy Nosek,R,76,215,0,0,,,Rich Reese,52,75,185,,,,,,,
Dave Engle,R,75,210,0.262,31,,,Ron Blomberg,52,73,195,,,,,,,
Narciso Elvira,L,70,160,0,0,,,Steve Braun,52,70,180,,,,,,,
Mike Easler,L,72,190,0.293,118,,,Buddy Bradford,52,71,170,,,,,,,
Mark Smith,R,74,215,0,0,,,Al Ferrara,51,73,200,,,,,,,
Paul Mitchell,R,73,195,0,0,,,Cesar Geronimo,51,72,165,,,,,,,
Rick Sweet,B,73,200,0.234,6,,,Rick Burleson,50,70,165,,,,,,,
Thurman Munson,R,71,190,0.292,113,,,Tony Solaita,50,72,210,,,,,,,
Rick Monday,L,75,193,0.264,241,,,Joe Azcue,50,72,190,,,,,,,
Mike Sadek,R,69,165,0.226,5,,,Paul Casanova,50,76,180,,,,,,,
Mark Belanger,R,73,170,0.228,20,,,Dale Berra,49,72,180,,,,,,,
Ron Hunt,R,72,186,0.273,39,,,Andy Etchebarren,49,73,190,,,,,,,
Joe Keough,L,72,185,0.246,9,,,Lou Johnson,48,71,170,,,,,,,
Butch Edge,R,75,203,0,0,,,Larry Brown,47,70,160,,,,,,,
Vic Correll,R,70,185,0.229,29,,,Willie Smith,46,72,182,,,,,,,
Jackie Hernandez,R,71,165,0.208,12,,,John Stearns,46,72,185,,,,,,,
Tony Solaita,L,72,210,0.255,50,,,Bill Sample,46,69,175,,,,,,,
U L Washington,B,71,175,0.251,27,,,Craig Kusick,46,75,210,,,,,,,
Gary Mielke,R,75,185,0,0,,,Bill Russell,46,72,175,,,,,,,
Rick Henninger,R,78,225,0,0,,,Cesar Tovar,46,69,155,,,,,,,
Joe Foy,R,72,215,0.248,58,,,Roy Foster,45,72,185,,,,,,,
Ed Goodson,L,75,180,0.26,30,,,Tito Fuentes,45,71,175,,,,,,,
Mark Brown,B,74,190,0,0,,,Sam Bowens,45,73,188,,,,,,,
Mickey Klutts,R,71,170,0.241,14,,,Jerry Turner,45,69,180,,,,,,,
Leroy Stanton,R,73,195,0.244,77,,,Bill Stein,44,70,170,,,,,,,
Rafael Vasquez,R,72,160,0,0,,,Bob Johnson,44,70,175,,,,,,,
Len Whitehouse,L,71,175,0,0,,,Darryl Motley,44,69,196,,,,,,,
Danny Ainge,R,76,175,0.22,2,,,Rich Dauer,43,72,180,,,,,,,
Adolfo Phillips,R,73,175,0.247,59,,,Phil Roof,43,74,190,,,,,,,
Marv Breeding,R,72,175,0.25,7,,,Derrel Thomas,43,72,160,,,,,,,
Steve Adkins,R,78,210,0,0,,,Art Howe,43,74,190,,,,,,,
Dick McAuliffe,L,71,176,0.247,197,,,Ron Oester,42,74,185,,,,,,,
Joe Horlen,R,72,170,0.134,0,,,Terry Crowley,42,72,180,,,,,,,
Glenn Burke,R,72,195,0.237,2,,,Eddie Milner,42,71,173,,,,,,,
Tony Mack,R,70,177,0,0,,,George Wright,42,71,180,,,,,,,
Terry Humphrey,R,75,185,0.211,6,,,Andres Thomas,42,73,170,,,,,,,
Bill Moran,R,76,210,0,0,,,Craig Reynolds,42,73,175,,,,,,,
Enzo Hernandez,R,68,155,0.224,2,,,Rennie Stennett,41,71,160,,,,,,,
Cesar Gutierrez,R,69,155,0.235,0,,,Walt Bond,41,79,228,,,,,,,
Coco Laboy,R,70,165,0.233,28,,,John Castino,41,71,175,,,,,,,
Ted Kubiak,B,72,175,0.231,13,,,Dave Stapleton,41,146,363,,,,,,,
Jim Morrison,R,71,175,0.26,112,,,Freddie Patek,41,65,148,,,,,,,
Tom Gilles,R,73,185,0,0,,,Dalton Jones,41,73,180,,,,,,,
Bobby Knoop,R,73,170,0.236,56,,,Billy Bryan,41,76,200,,,,,,,
Bobby Brown,B,74,190,0.245,26,,,Marvell Wynne,40,71,175,,,,,,,
Tom Hutton,L,71,180,0.248,22,,,Joe Hague,40,72,195,,,,,,,
Ron Hodges,L,73,185,0.24,19,,,John Orsino,40,75,215,,,,,,,
Rich Chiles,L,71,170,0.254,6,,,Jerry Royster,40,72,165,,,,,,,
Tom Paciorek,R,76,215,0.282,86,,,Bucky Dent,40,69,170,,,,,,,
Gary Woods,R,74,185,0.243,13,,,Billy Cowan,40,72,170,,,,,,,
Bob Montgomery,R,73,195,0.258,23,,,Billy Conigliaro,40,72,180,,,,,,,
Jeff Burroughs,R,73,200,0.261,240,,,Rob Wilfong,39,73,180,,,,,,,
Rusty Staub,L,74,190,0.279,292,,,Wayne Nordhagen,39,74,205,,,,,,,
Jim Norris,L,70,175,0.264,7,,,Ron Hunt,39,72,186,,,,,,,
Oscar Gamble,L,71,160,0.265,200,,,Frank Fernandez,39,72,185,,,,,,,
Bob Kammeyer,R,76,210,0,0,,,Ed Spiezio,39,71,180,,,,,,,
George Vukovich,L,72,198,0.268,27,,,Jerry Grote,39,70,185,,,,,,,
Joe Pactwa,L,71,185,0,0,,,Hector Cruz,39,71,170,,,,,,,
Craig Reynolds,L,73,175,0.256,42,,,Mickey Hatcher,38,74,200,,,,,,,
Paul Blair,R,72,168,0.25,134,,,Floyd Rayford,38,70,190,,,,,,,
Al Cowens,R,73,197,0.27,108,,,Benny Ayala,38,73,185,,,,,,,
Al Oliver,L,72,195,0.303,219,,,Brant Alyea,38,75,215,,,,,,,
Dave Hilton,R,71,191,0.213,6,,,Chris Brown,38,72,185,,,,,,,
Luis Alvarado,R,69,162,0.214,5,,,Luis Aguayo,37,69,173,,,,,,,
Larry Parrish,R,75,190,0.263,256,,,Len Gabrielson,37,76,210,,,,,,,
Woodie Fryman,R,75,197,0.138,2,,,Omar Moreno,37,74,180,,,,,,,
Bob Randall,R,74,175,0.257,1,,,Pedro Garcia,37,70,175,,,,,,,
Jim Pankovits,R,70,170,0.25,9,,,Dave Hostetler,37,76,215,,,,,,,
Sherman Corbett,L,76,205,0,0,,,Ted Uhlaender,36,74,190,,,,,,,
Carmen Fanzone,R,72,200,0.224,20,,,Terry Harper,36,76,195,,,,,,,
Gary Allenson,R,71,185,0.221,19,,,Vic Davalillo,36,67,150,,,,,,,
Milt May,L,72,190,0.263,77,,,Larry Stahl,36,72,175,,,,,,,
Mike Vail,R,73,180,0.279,34,,,Damaso Garcia,36,73,165,,,,,,,
Nick Esasky,R,75,200,0.25,122,,,Bill Almon,36,75,180,,,,,,,
Jim Nettles,L,72,186,0.22,16,,,Bump Wills,36,69,172,,,,,,,
Lafayette Currence,B,71,175,0,0,,,Charlie Moore,36,71,180,,,,,,,
Chris Cannizzaro,R,72,190,0.235,18,,,R.J. Reynolds,35,72,190,,,,,,,
Larry Biittner,L,74,205,0.273,29,,,Rusty Torres,35,70,175,,,,,,,
John Pawlowski,R,74,175,0,0,,,Jake Wood,35,73,163,,,,,,,
Mel Stottlemyre,R,73,178,0.16,7,,,Al Woods,35,75,190,,,,,,,
Jack Hardy,R,74,175,0,0,,,Ted Savage,34,73,185,,,,,,,
Ron Musselman,R,74,185,0,0,,,Tommy Helms,34,70,165,,,,,,,
Roy Smalley,B,73,185,0.257,163,,,Todd Cruz,34,72,175,,,,,,,
Tony Chevez,R,71,177,0,0,,,Mike Cubbage,34,72,180,,,,,,,
Andy Messersmith,R,73,200,0.17,5,,,Mike Vail,34,73,180,,,,,,,
Richie Zisk,R,73,200,0.287,207,,,Marc Hill,34,75,205,,,,,,,
Dave Chalk,R,70,175,0.252,15,,,Glenn Adams,34,73,180,,,,,,,
Don Baylor,R,73,190,0.26,338,,,Walt Williams,33,66,165,,,,,,,
John Vukovich,R,73,187,0.161,6,,,Terry Whitfield,33,73,197,,,,,,,
Danny Thompson,R,72,183,0.248,15,,,Ed Ott,33,70,190,,,,,,,
Joe Simpson,L,75,175,0.242,9,,,Jim Essian,33,74,195,,,,,,,
Bill Fahey,L,72,200,0.241,7,,,Ivan Murrell,33,74,195,,,,,,,
Doug Camilli,R,71,195,0.199,18,,,Bob Stinson,33,71,180,,,,,,,
Bernie Allen,L,72,175,0.239,73,,,Al Luplow,33,70,175,,,,,,,
Bruce Bochy,R,75,205,0.239,26,,,Rowland Office,32,72,170,,,,,,,
Gary Ignasiak,R,71,185,0,0,,,Joe Lis,32,72,175,,,,,,,
Claudell Washington,L,72,190,0.278,164,,,Mickey Brantley,32,70,180,,,,,,,
John Donaldson,L,71,160,0.238,4,,,John Kennedy,32,72,185,,,,,,,
Mike Smithson,L,80,215,0,0,,,Jesus Alou,32,74,190,,,,,,,
John Mayberry,L,75,215,0.253,255,,,Dave Collins,32,71,175,,,,,,,
Ken Reitz,R,72,180,0.26,68,,,Clint Hurdle,32,75,195,,,,,,,
Amos Otis,R,71,165,0.277,193,,,Mike Diaz,31,74,195,,,,,,,
Gene Alley,R,70,160,0.254,55,,,Leron Lee,31,72,196,,,,,,,
Ted Sizemore,R,70,165,0.262,23,,,Joe Lefebvre,31,70,170,,,,,,,
Dan Briggs,L,72,180,0.195,12,,,Manny Mota,31,70,160,,,,,,,
Joe Skalski,R,75,190,0,0,,,Matty Alou,31,69,160,,,,,,,
Doug Flynn,R,71,165,0.238,7,,,Ken Boswell,31,72,170,,,,,,,
Bert Bradley,B,73,190,0,0,,,Fred Kendall,31,73,185,,,,,,,
Ken Holtzman,R,74,175,0.163,2,,,David Green,31,75,170,,,,,,,
Pete Ward,L,73,185,0.254,98,,,Buck Rodgers,31,74,190,,,,,,,
Kevin Bell,R,72,195,0.222,13,,,Dave Engle,31,75,210,,,,,,,
Tom Nieto,R,73,193,0.205,5,,,Chico Salmon,31,70,160,,,,,,,
Duke Sims,L,74,197,0.239,100,,,Carl Warwick,31,70,170,,,,,,,
Larvell Blanks,R,68,167,0.253,20,,,Steve Brye,30,72,190,,,,,,,
Francisco Barrios,R,71,155,0,0,,,Von Joshua,30,70,170,,,,,,,
Mike Davis,L,74,175,0.259,91,,,Pete Mackanin,30,74,190,,,,,,,
Jerry Reuss,L,77,200,0.167,1,,,Len Matuszek,30,74,190,,,,,,,
Steve Yeager,R,72,190,0.228,102,,,Jerry Hairston,30,70,170,,,,,,,
Danny Goodwin,L,73,195,0.236,13,,,Jim Gosger,30,71,185,,,,,,,
Bud Harrelson,B,71,160,0.236,7,,,Jack Brohamer,30,70,165,,,,,,,
Bob Knepper,L,75,195,0.137,6,,,Ed Goodson,30,75,180,,,,,,,
Mickey Rivers,L,70,165,0.295,61,,,Duffy Dyer,30,72,187,,,,,,,
Jim Northrup,L,75,190,0.267,153,,,Dave Rader,30,71,165,,,,,,,
John Hale,L,74,195,0.201,14,,,Bobby Wine,30,73,187,,,,,,,
Reggie Ritter,L,74,195,0,0,,,Byron Browne,30,74,190,,,,,,,
Pedro Garcia,R,70,175,0.22,37,,,Rey Quinones,29,71,160,,,,,,,
Carl Yastrzemski,L,71,175,0.285,452,,,Vic Correll,29,70,185,,,,,,,
Bob Babcock,R,77,210,0,0,,,Joe Charboneau,29,74,205,,,,,,,
Craig Eaton,R,71,175,0,0,,,Larry Biittner,29,74,205,,,,,,,
Derrel Thomas,B,72,160,0.249,43,,,Paul Householder,29,72,180,,,,,,,
Art Howe,R,74,190,0.26,43,,,Charlie James,29,73,195,,,,,,,
Ike Brown,R,72,190,0.256,20,,,Rick Miller,28,72,175,,,,,,,
Howie Goss,R,76,204,0.216,11,,,Mike Anderson,28,74,200,,,,,,,
Glenn Borgmann,R,76,210,0.229,16,,,Mike Ryan,28,74,205,,,,,,,
Lamar Johnson,R,74,215,0.287,64,,,Billy Grabarkewitz,28,70,165,,,,,,,
Julio Gonzalez,R,71,162,0.235,4,,,Coco Laboy,28,70,165,,,,,,,
Bobby Klaus,R,70,170,0.208,6,,,Danny Walton,28,72,195,,,,,,,
Manny Sanguillen,R,72,193,0.296,65,,,U L Washington,27,71,175,,,,,,,
Gates Brown,L,71,220,0.257,84,,,Kurt Bevacqua,27,72,180,,,,,,,
Johnny Ray,B,71,170,0.29,53,,,Mike Tyson,27,69,170,,,,,,,
Jesus Alou,R,74,190,0.28,32,,,Joe Nolan,27,71,175,,,,,,,
Ken Landreaux,L,70,165,0.268,91,,,Len Randle,27,70,169,,,,,,,
Enos Cabell,R,76,170,0.277,60,,,Pete LaCock,27,74,200,,,,,,,
Roy Branch,R,72,175,0,0,,,Jim Traber,27,72,194,,,,,,,
Billy North,B,71,185,0.261,20,,,Jerry McNertney,27,72,180,,,,,,,
Juan Beniquez,R,71,150,0.274,79,,,Dick Davis,27,75,190,,,,,,,
Frank Fernandez,R,72,185,0.199,39,,,Felix Torres,27,71,165,,,,,,,
Bombo Rivera,R,70,187,0.265,10,,,Horace Clarke,27,69,170,,,,,,,
Steve Brye,R,72,190,0.258,30,,,George Vukovich,27,72,198,,,,,,,
Ron Jackson,R,72,200,0.259,56,,,Bob Kearney,27,72,190,,,,,,,
Roger Metzger,B,72,165,0.231,5,,,Chris Bando,27,72,195,,,,,,,
Rufino Linares,R,72,170,0.27,11,,,Andres Mora,27,72,180,,,,,,,
Ray Webster,L,72,185,0.244,17,,,Ron Woods,26,70,168,,,,,,,
Bob Kearney,R,72,190,0.233,27,,,Jose Morales,26,71,187,,,,,,,
Fergie Jenkins,R,77,205,0.165,13,,,Manny Jimenez,26,73,185,,,,,,,
Dick Dietz,R,73,195,0.261,66,,,Mike Hershberger,26,70,175,,,,,,,
Ted Cox,R,75,195,0.245,10,,,John Boccabella,26,73,195,,,,,,,
Bobby Mitchell,L,70,170,0.243,3,,,Jesse Gonder,26,70,180,,,,,,,
Bobby Mitchell,R,75,185,0.235,21,,,Gene Richards,26,72,175,,,,,,,
Barry Evans,R,73,180,0.251,2,,,Frank Duffy,26,73,180,,,,,,,
Mickey Brantley,R,70,180,0.259,32,,,Bruce Bochy,26,75,205,,,,,,,
Al Gallagher,R,72,180,0.263,11,,,Bob Coluccio,26,71,183,,,,,,,
Rob Woodward,R,75,185,0,0,,,Bobby Brown,26,74,190,,,,,,,
Hector Cruz,R,71,170,0.225,39,,,Tim Foli,25,72,179,,,,,,,
Fred Norman,B,68,155,0.125,0,,,Mike de la Hoz,25,71,175,,,,,,,
Woody Woodward,R,74,180,0.236,1,,,Lenn Sakata,25,69,160,,,,,,,
Ted Martinez,R,72,165,0.24,7,,,Mark Brouhard,25,73,210,,,,,,,
Jim Anderson,R,72,170,0.218,13,,,Jake Gibbs,25,72,180,,,,,,,
Lenn Sakata,R,69,160,0.23,25,,,Jerry Moses,25,75,210,,,,,,,
Dave Duncan,R,74,190,0.214,109,,,Gail Hopkins,25,70,198,,,,,,,
Randy Jones,R,72,178,0.132,0,,,Curt Motton,25,68,164,,,,,,,
Dick Billings,R,73,195,0.227,16,,,Bill Nahorodny,25,74,200,,,,,,,
Bob Veselic,R,72,175,0,0,,,Syd O'Brien,24,73,185,,,,,,,
Bruce Bochte,L,75,195,0.282,100,,,Steve Ontiveros,24,72,185,,,,,,,
Bernie Carbo,L,71,173,0.264,96,,,Steve Whitaker,24,72,180,,,,,,,
Vic Davalillo,L,67,150,0.279,36,,,Ken Gerhart,24,72,190,,,,,,,
Burt Hooton,R,73,210,0.123,4,,,Norm Miller,24,70,185,,,,,,,
Chuck Hockenbery,B,73,195,0,0,,,Eddie Leon,24,72,170,,,,,,,
Bob Ferris,R,78,225,0,0,,,Gary Gray,24,72,187,,,,,,,
Fernando Gonzalez,R,70,165,0.235,17,,,Hal King,24,73,200,,,,,,,
Jim Sundberg,R,72,190,0.248,95,,,Duane Walker,24,72,185,,,,,,,
Andy Kosco,R,75,205,0.236,73,,,Gary Sutherland,24,72,185,,,,,,,
Steve Huntz,B,73,204,0.206,16,,,Bobby Mitchell,24,145,355,,,,,,,
Gary Wheelock,R,75,205,0,0,,,Bob Chance,24,74,196,,,,,,,
Lenny Faedo,R,72,170,0.251,5,,,Ted Sizemore,23,70,165,,,,,,,
John Lowenstein,L,72,175,0.253,116,,,Mike Brown,23,148,390,,,,,,,
Don Kessinger,B,73,170,0.252,14,,,Julio Cruz,23,69,165,,,,,,,
Joe Hague,L,72,195,0.239,40,,,Lyman Bostock,23,73,180,,,,,,,
Bake McBride,L,74,190,0.299,63,,,Glenn Hoffman,23,73,175,,,,,,,
Dick Davis,R,75,190,0.265,27,,,Duane Josephson,23,72,190,,,,,,,
Richie Scheinblum,B,73,180,0.263,13,,,Bob Montgomery,23,73,195,,,,,,,
Ed Herrmann,L,73,195,0.24,80,,,Alex Trevino,23,70,165,,,,,,,
Mike Rochford,L,76,205,0,0,,,Chuck Schilling,23,70,160,,,,,,,
Jeff Schneider,B,75,195,0,0,,,Bob Dernier,23,72,160,,,,,,,
Bob Molinaro,L,72,190,0.264,14,,,Reid Nichols,22,71,165,,,,,,,
Mike Hegan,L,73,188,0.242,53,,,Tom Hutton,22,71,180,,,,,,,
Mike Diaz,R,74,195,0.247,31,,,Roger Freed,22,72,190,,,,,,,
Tim Foli,R,72,179,0.251,25,,,Tom Egan,22,76,218,,,,,,,
Alan Knicely,R,72,190,0.213,12,,,Marty Perez,22,71,160,,,,,,,
Tim Laudner,R,75,212,0.225,77,,,Johnnie LeMaster,22,74,165,,,,,,,
Jose Morales,R,71,187,0.287,26,,,Nelson Mathews,22,76,195,,,,,,,
Luis Encarnacion,R,70,178,0,0,,,Johnny Lewis,22,73,189,,,,,,,
Rick Kreuger,R,74,185,0,0,,,Jack Hiatt,22,74,190,,,,,,,
Juan Marichal,R,72,185,0.165,4,,,Glenn Beckert,22,73,190,,,,,,,
Vida Blue,B,72,189,0.104,4,,,Jerry Buchek,22,71,185,,,,,,,
Angel Moreno,L,69,165,0,0,,,Felix Millan,22,71,172,,,,,,,
Roger Weaver,R,75,190,0,0,,,Angel Mangual,22,70,178,,,,,,,
Stan Papi,R,72,170,0.218,7,,,Tom Satriano,21,73,185,,,,,,,
Rob Wilfong,L,73,180,0.248,39,,,Joe Gaines,21,73,190,,,,,,,
Chris Knapp,R,77,195,0,0,,,John Wathan,21,74,205,,,,,,,
Steve Henderson,R,74,190,0.28,68,,,Ivan DeJesus,21,71,175,,,,,,,
Rob Picciolo,R,74,185,0.234,17,,,Dick Nen,21,74,200,,,,,,,
Don Welchel,R,76,205,0,0,,,Jerry White,21,70,164,,,,,,,
Randy Wiles,L,73,185,0,0,,,Hal Breeden,21,74,200,,,,,,,
Roberto Pena,R,68,170,0.245,13,,,Jim Wohlford,21,71,175,,,,,,,
Bob Dernier,R,72,160,0.255,23,,,Jerry Narron,21,75,205,,,,,,,
Bill Melton,R,74,200,0.253,160,,,Dave Cash,21,71,170,,,,,,,
Albert Hall,B,71,155,0.251,5,,,Dave McKay,21,73,195,,,,,,,
Barbaro Garbey,R,70,170,0.267,11,,,Biff Pocoroba,21,70,175,,,,,,,
John Milner,L,72,185,0.249,131,,,Steve Swisher,20,74,205,,,,,,,
Rich Reese,L,75,185,0.253,52,,,Steve Lombardozzi,20,72,175,,,,,,,
Chris Bando,B,72,195,0.227,27,,,Rick Renick,20,72,188,,,,,,,
Bill Buckner,L,72,185,0.289,174,,,Ron Washington,20,71,155,,,,,,,
Jack Hiatt,R,74,190,0.251,22,,,Rich McKinney,20,71,185,,,,,,,
Nelson Mathews,R,76,195,0.223,22,,,Thad Bosley,20,75,175,,,,,,,
Larry Lintz,B,69,150,0.227,0,,,Larvell Blanks,20,68,167,,,,,,,
Ron Theobald,R,68,165,0.248,2,,,Mark Belanger,20,73,170,,,,,,,
Dewey Robinson,R,72,180,0,0,,,Fran Healy,20,77,220,,,,,,,
Rafael Santana,R,73,165,0.246,13,,,Ike Brown,20,72,190,,,,,,,
Jerry Hairston,B,70,170,0.258,30,,,Garth Iorg,20,71,170,,,,,,,
Tony Arnold,R,71,170,0,0,,,Doug Frobel,20,76,196,,,,,,,
Jeff Schattinger,L,77,200,0,0,,,Billy North,20,71,185,,,,,,,
Ike Brookens,R,77,170,0,0,,,Carmen Fanzone,20,72,200,,,,,,,
Tommie Aaron,R,75,190,0.229,13,,,Dave Campbell,20,73,180,,,,,,,
Steve Dillard,R,73,180,0.243,13,,,Chuck Hiller,20,71,170,,,,,,,
Win Remmerswaal,R,74,160,0,0,,,Dave Nelson,20,70,160,,,,,,,
Jeff Peterek,R,74,195,0,0,,,Bob Jones,20,74,195,,,,,,,
George Scott,R,74,200,0.268,271,,,Ron Hodges,19,73,185,,,,,,,
Jeff Shaver,R,75,195,0,0,,,Jim Holt,19,72,180,,,,,,,
Ken Walters,R,73,180,0.231,11,,,Gary Allenson,19,71,185,,,,,,,
Gorman Thomas,R,74,210,0.225,268,,,Bobby Clark,19,72,190,,,,,,,
Paul Dade,R,73,185,0.27,10,,,Bill Voss,19,74,160,,,,,,,
Darrell Porter,L,72,193,0.247,188,,,Cap Peterson,19,74,195,,,,,,,
Tim Johnson,L,73,170,0.223,0,,,Alan Bannister,19,71,170,,,,,,,
Fred Stanley,R,70,165,0.216,10,,,Rick Leach,18,73,180,,,,,,,
Larry Bowa,B,70,155,0.26,15,,,Rudy Law,18,73,165,,,,,,,
Tim Corcoran,L,71,175,0.27,12,,,Willie Norwood,18,72,185,,,,,,,
Jim Spencer,L,74,195,0.25,146,,,Johnny Jeter,18,73,180,,,,,,,
Pete LaCock,L,74,200,0.257,27,,,Jim Price,18,72,192,,,,,,,
Carl Morton,R,72,200,0.156,7,,,Harry Spilman,18,73,180,,,,,,,
Gary Gray,R,72,187,0.24,24,,,Hector Torres,18,72,175,,,,,,,
Matty Alou,L,69,160,0.307,31,,,Elliott Maddox,18,71,180,,,,,,,
Pete Filson,B,74,195,0,0,,,Doug Camilli,18,71,195,,,,,,,
Jim Dwyer,L,70,165,0.26,77,,,Bruce Benedict,18,73,175,,,,,,,
Dalton Jones,L,73,180,0.235,41,,,Chris Cannizzaro,18,72,190,,,,,,,
Rennie Stennett,R,71,160,0.274,41,,,Ted Ford,17,70,180,,,,,,,
Jim Gideon,R,75,190,0,0,,,Tony Scott,17,72,164,,,,,,,
Jerry May,R,74,190,0.234,15,,,Rob Picciolo,17,74,185,,,,,,,
Rich McKinney,R,71,185,0.225,20,,,Ray Webster,17,72,185,,,,,,,
Clint Hurdle,L,75,195,0.259,32,,,Ron Roenicke,17,72,180,,,,,,,
Mike Andrews,R,75,195,0.258,66,,,Rick Bosetti,17,71,185,,,,,,,
Bobby Clark,R,72,190,0.239,19,,,Fernando Gonzalez,17,70,165,,,,,,,
Jeff Twitty,L,74,185,0,0,,,Doug Ault,17,75,200,,,,,,,
Cliff Johnson,R,76,215,0.258,196,,,Hosken Powell,17,73,175,,,,,,,
Steve Cummings,B,74,200,0,0,,,Bob Brower,17,71,185,,,,,,,
Donn Clendenon,R,76,209,0.274,159,,,Chuck Harrison,17,70,185,,,,,,,
Charlie James,R,73,195,0.255,29,,,Billy Smith,17,74,185,,,,,,,
Bob Horner,R,73,195,0.277,218,,,Terry Francona,16,73,190,,,,,,,
Tom Veryzer,R,73,175,0.241,14,,,Wayne Comer,16,70,175,,,,,,,
Jose Cecena,R,71,180,0,0,,,Steve Huntz,16,73,204,,,,,,,
George Smith,R,70,170,0.205,9,,,Ned Yost,16,73,190,,,,,,,
Jim Essian,R,74,195,0.244,33,,,Pepe Mangual,16,70,157,,,,,,,
Onix Concepcion,R,66,160,0.239,3,,,Joe Wallis,16,71,180,,,,,,,
Boots Day,L,69,160,0.256,8,,,Glenn Borgmann,16,76,210,,,,,,,
Brian Giles,R,73,165,0.228,10,,,Jim Nettles,16,72,186,,,,,,,
Garry Maddox,R,75,175,0.285,117,,,Dick Billings,16,73,195,,,,,,,
Alex Trevino,R,70,165,0.249,23,,,Ellie Rodriguez,16,71,185,,,,,,,
Jim Price,R,72,192,0.214,18,,,Denny Doyle,16,69,175,,,,,,,
Felix Millan,R,71,172,0.279,22,,,Dick Howser,16,68,155,,,,,,,
Steve Garvey,R,70,192,0.294,272,,,Dave Marshall,16,73,182,,,,,,,
Don Mincher,L,75,205,0.249,200,,,Wayne Krenchicki,15,73,180,,,,,,,
Greg Erardi,R,73,190,0,0,,,Rick Wise,15,73,180,,,,,,,
Jim Farr,R,73,195,0,0,,,Ray Oyler,15,71,165,,,,,,,
Tony Cloninger,R,72,210,0.192,11,,,Larry Bowa,15,70,155,,,,,,,
Jim Gosger,L,71,185,0.226,30,,,Doc Edwards,15,74,215,,,,,,,
Chuck Harrison,R,70,185,0.238,17,,,Don Leppert,15,74,220,,,,,,,
Mike Ivie,R,75,205,0.269,81,,,Dick Simpson,15,76,176,,,,,,,
Frank Dimichele,R,75,205,0,0,,,Jerry May,15,74,190,,,,,,,
Bob Veale,B,78,212,0.114,0,,,Gene Michael,15,74,183,,,,,,,
Marvell Wynne,L,71,175,0.247,40,,,Daryl Sconiers,15,74,185,,,,,,,
Dusty Baker,R,74,183,0.278,242,,,Dave Chalk,15,70,175,,,,,,,
Tucker Ashford,R,73,195,0.218,6,,,Danny Thompson,15,72,183,,,,,,,
Ned Yost,R,73,190,0.212,16,,,Rod Gilbreath,14,74,180,,,,,,,
Bob Stinson,B,71,180,0.25,33,,,Vern Fuller,14,73,170,,,,,,,
Mike Warren,R,73,175,0,0,,,Phil Gagliano,14,73,180,,,,,,,
Gaylord Perry,R,76,205,0.131,6,,,Tom Veryzer,14,73,175,,,,,,,
Dave Marshall,L,73,182,0.246,16,,,Tim Harkness,14,74,182,,,,,,,
Mickey Hatcher,R,74,200,0.28,38,,,Paul Popovich,14,72,175,,,,,,,
Roger Repoz,L,75,190,0.224,82,,,Mickey Klutts,14,71,170,,,,,,,
Bill Fulton,R,75,195,0,0,,,Johnny Oates,14,71,188,,,,,,,
John Orsino,R,75,215,0.249,40,,,John Hale,14,74,195,,,,,,,
Larry Anderson,R,75,190,0,0,,,Ken Retzer,14,72,185,,,,,,,
Johnny Briggs,L,73,190,0.253,139,,,Ken Hubbs,14,74,175,,,,,,,
Craig Mitchell,R,75,180,0,0,,,Don Kessinger,14,73,170,,,,,,,
Dave Hostetler,R,76,215,0.229,37,,,Ed Stroud,14,71,180,,,,,,,
Bob Jones,L,74,195,0.221,20,,,Greg Pryor,14,72,180,,,,,,,
Keith Hernandez,L,72,180,0.296,162,,,Jim Beauchamp,14,74,190,,,,,,,
Alfredo Martinez,R,75,185,0,0,,,Dave Edwards,14,72,170,,,,,,,
Dean Chance,R,75,200,0.066,0,,,Bubba Morton,14,70,175,,,,,,,
Willie Upshaw,L,72,185,0.262,123,,,Bill Plummer,14,73,190,,,,,,,
Dick Green,R,70,180,0.24,80,,,Bob Uecker,14,73,190,,,,,,,
Dane Iorg,L,72,180,0.276,14,,,Darrel Chaney,14,74,188,,,,,,,
Richie Hebner,L,73,195,0.276,203,,,Dane Iorg,14,72,180,,,,,,,
Fran Healy,R,77,220,0.25,20,,,Bob Molinaro,14,72,190,,,,,,,
Doc Edwards,R,74,215,0.238,15,,,Roberto Pena,13,68,170,,,,,,,
Sandy Alomar,B,69,140,0.245,13,,,Rafael Santana,13,73,165,,,,,,,
Joe Strain,R,70,169,0.25,1,,,Vic Harris,13,71,165,,,,,,,
Gene Richards,L,72,175,0.29,26,,,Tito Landrum,13,71,175,,,,,,,
Buddy Bell,R,73,180,0.279,201,,,Steve Dillard,13,73,180,,,,,,,
Al Woods,L,75,190,0.271,35,,,Sandy Alomar,13,69,140,,,,,,,
Rudy Law,L,73,165,0.271,18,,,Ted Kubiak,13,72,175,,,,,,,
Joel Davis,L,77,205,0,0,,,Tom O'Malley,13,72,180,,,,,,,
Jody Davis,R,76,192,0.245,127,,,Steve Carlton,13,76,210,,,,,,,
Mike Edwards,R,70,154,0.25,2,,,Rick Joseph,13,73,192,,,,,,,
Bill Mooneyham,R,72,175,0,0,,,Richie Scheinblum,13,73,180,,,,,,,
John Hobbs,R,75,190,0,0,,,Tommie Aaron,13,75,190,,,,,,,
Deron Johnson,R,74,200,0.244,245,,,Mike Fiore,13,72,175,,,,,,,
John Denny,R,75,185,0.17,0,,,Kevin Bell,13,72,195,,,,,,,
Don Wert,R,70,162,0.242,77,,,Fergie Jenkins,13,77,205,,,,,,,
Mike Fiore,L,72,175,0.227,13,,,Jim Anderson,13,72,170,,,,,,,
Miguel Dilone,B,72,160,0.265,6,,,Gary Woods,13,74,185,,,,,,,
Greg Luzinski,R,73,220,0.276,307,,,Bob Burda,13,71,174,,,,,,,
Bobby Tolan,L,71,170,0.265,86,,,Danny Goodwin,13,73,195,,,,,,,
Karl Best,R,76,190,0,0,,,Ron Pruitt,12,72,185,,,,,,,
Steve Barr,L,76,200,0,0,,,Rich Coggins,12,68,170,,,,,,,
Ron Woods,R,70,168,0.233,26,,,Sonny Siebert,12,75,190,,,,,,,
Tony Horton,R,75,210,0.268,76,,,Tim Corcoran,12,71,175,,,,,,,
Randy Hundley,R,71,170,0.236,82,,,Tommie Reynolds,12,74,190,,,,,,,
Jose Tartabull,L,71,165,0.261,2,,,Tom Seaver,12,73,195,,,,,,,
Ben Oglivie,L,74,160,0.273,235,,,Larry Cox,12,70,178,,,,,,,
Luis Sanchez,R,74,170,0,0,,,Larry Harlow,12,74,185,,,,,,,
Bob Johnson,R,70,175,0.272,44,,,Larry Haney,12,74,195,,,,,,,
Don Buford,B,67,160,0.264,93,,,John Stephenson,12,71,180,,,,,,,
Duane Kuiper,L,72,175,0.271,1,,,Kiko Garcia,12,71,180,,,,,,,
Brant Alyea,R,75,215,0.247,38,,,Jackie Hernandez,12,71,165,,,,,,,
Jerry Narron,L,75,205,0.211,21,,,Jim Mason,12,74,185,,,,,,,
Lou Johnson,R,71,170,0.258,48,,,Garry Hancock,12,72,175,,,,,,,
Ken Retzer,L,72,185,0.264,14,,,Doug Clemens,12,72,180,,,,,,,
Mike Brown,R,74,195,0.265,23,,,Dick Phillips,12,72,180,,,,,,,
Mike Brown,R,74,195,0,0,,,Brian Asselstine,12,73,175,,,,,,,
Greg Walker,L,75,205,0.26,113,,,Bobby Valentine,12,70,189,,,,,,,
Terry Harper,R,76,195,0.253,36,,,Alan Knicely,12,72,190,,,,,,,
Jerry Royster,R,72,165,0.249,40,,,Bob Forsch,12,76,200,,,,,,,
Steve Davis,L,73,195,0,0,,,Dan Briggs,12,72,180,,,,,,,
Jeff Rineer,L,76,205,0,0,,,Rufino Linares,11,72,170,,,,,,,
Barry Bonnell,R,75,190,0.272,56,,,Phil Linz,11,73,180,,,,,,,
Tom Seaver,R,73,195,0.154,12,,,Steve Nicosia,11,70,185,,,,,,,
Jerry Martin,R,73,195,0.251,85,,,Tony Cloninger,11,72,210,,,,,,,
Bill Stein,R,70,170,0.267,44,,,Mike Phillips,11,72,170,,,,,,,
Joel Youngblood,R,72,180,0.265,80,,,Larry Milbourne,11,72,161,,,,,,,
Reggie Jackson,L,72,195,0.262,563,,,Ken Walters,11,73,180,,,,,,,
Sonny Jackson,L,69,150,0.251,7,,,Jeff Stone,11,72,175,,,,,,,
Mark Mercer,L,77,220,0,0,,,Jimmie Schaffer,11,69,170,,,,,,,
Rodney Scott,B,72,160,0.236,3,,,Howie Goss,11,76,204,,,,,,,
Rich Coggins,L,68,170,0.265,12,,,Al Gallagher,11,72,180,,,,,,,
Phil Gagliano,R,73,180,0.238,14,,,Barbaro Garbey,11,70,170,,,,,,,
Jerry McNertney,R,72,180,0.237,27,,,Ted Cox,10,75,195,,,,,,,
Mitchell Page,L,74,205,0.266,72,,,Ron Davis,10,72,175,,,,,,,
Kiko Garcia,R,71,180,0.239,12,,,Tom Poquette,10,70,175,,,,,,,
Larry Milbourne,B,72,161,0.254,11,,,Paul Dade,10,73,185,,,,,,,
Bill Sudakis,B,73,190,0.234,59,,,Fred Stanley,10,70,165,,,,,,,
John Caneira,R,75,180,0,0,,,Dick Bertell,10,72,200,,,,,,,
Domingo Ramos,R,70,154,0.24,8,,,J.R. Richard,10,80,222,,,,,,,
Ron Oester,B,74,185,0.265,42,,,Dave Rosello,10,71,160,,,,,,,
Glenn Adams,L,73,180,0.28,34,,,Bruce Boisclair,10,74,185,,,,,,,
Clint Zavaras,R,73,175,0,0,,,Brian Giles,10,73,165,,,,,,,
Joe Morgan,L,67,160,0.271,268,,,Bombo Rivera,10,70,187,,,,,,,
R.J. Reynolds,B,72,190,0.267,35,,,Carl Taylor,10,74,200,,,,,,,
Mike Parrott,R,76,210,0,0,,,Wayne Tolleson,9,69,160,,,,,,,
Lee Thomas,L,74,195,0.255,106,,,Tim Cullen,9,73,185,,,,,,,
Ray Fosse,R,74,215,0.256,61,,,Tim Flannery,9,71,175,,,,,,,
Paul Popovich,B,72,175,0.233,14,,,Rick Rhoden,9,75,195,,,,,,,
John Stephenson,L,71,180,0.216,12,,,Rick Auerbach,9,72,165,,,,,,,
Doug Clemens,L,72,180,0.229,12,,,Rick Sofield,9,73,195,,,,,,,
Luis Aponte,R,72,185,0,0,,,Luis Melendez,9,72,165,,,,,,,
Orlando Mercado,R,72,180,0.199,7,,,Joe Simpson,9,75,175,,,,,,,
Charley Smith,R,73,170,0.239,69,,,Joe Keough,9,72,185,,,,,,,
Paul Boris,R,74,200,0,0,,,Jim Lyttle,9,72,180,,,,,,,
Buddy Biancalana,B,71,160,0.205,6,,,Gene Locklear,9,70,165,,,,,,,
De Wayne Buice,R,72,170,0,0,,,George Smith,9,70,170,,,,,,,
Bob Uecker,R,73,190,0.2,14,,,Jack Heidemann,9,72,175,,,,,,,
Felix Torres,R,71,165,0.254,27,,,Jim Pankovits,9,70,170,,,,,,,
Steve Braun,L,70,180,0.271,52,,,Dave McNally,9,71,185,,,,,,,
Ray Knight,R,73,185,0.271,84,,,Bob Barton,9,72,175,,,,,,,
Ty Cline,L,72,170,0.238,6,,,Bobby Cox,9,71,180,,,,,,,
Thad Bosley,L,75,175,0.272,20,,,Bill Sharp,9,70,178,,,,,,,
Bobby Grich,R,74,180,0.266,224,,,Bob Bailor,9,71,170,,,,,,,
Jimmie Hall,L,72,175,0.254,121,,,Steve Hovley,8,70,188,,,,,,,
John Boccabella,R,73,195,0.219,26,,,Russ Gibson,8,73,195,,,,,,,
Brock Davis,L,70,160,0.26,1,,,Phil Mankowski,8,72,180,,,,,,,
Mark Esser,R,73,190,0,0,,,Sal Butera,8,72,190,,,,,,,
Curt Blefary,L,74,195,0.237,112,,,Pedro Gonzalez,8,72,176,,,,,,,
Daryl Smith,R,76,185,0,0,,,Merritt Ranew,8,71,170,,,,,,,
Dave Smith,R,73,190,0,0,,,Domingo Ramos,8,70,154,,,,,,,
Mack Jones,L,73,180,0.252,133,,,Jimmy Stewart,8,72,165,,,,,,,
Buddy Bradford,R,71,170,0.226,52,,,Jeff Torborg,8,72,195,,,,,,,
Hosken Powell,L,73,175,0.259,17,,,Ed Romero,8,71,160,,,,,,,
Dave Stapleton,L,73,185,0,0,,,Dick Tracewski,8,71,160,,,,,,,
Dave Stapleton,R,73,178,0.271,41,,,Hal Lanier,8,74,180,,,,,,,
Gary Ward,R,74,195,0.276,130,,,Bob Meacham,8,73,175,,,,,,,
Jim Lonborg,R,77,200,0.136,3,,,Boots Day,8,69,160,,,,,,,
Joe Lis,R,72,175,0.233,32,,,Broderick Perkins,8,70,180,,,,,,,
Dan Meyer,L,71,180,0.253,86,,,Sonny Jackson,7,69,150,,,,,,,
Jim Holt,L,72,180,0.265,19,,,Phil Niekro,7,73,180,,,,,,,
Tom Klawitter,R,74,190,0,0,,,Stan Papi,7,72,170,,,,,,,
Larry Herndon,R,75,190,0.274,107,,,Sandy Valdespino,7,68,170,,,,,,,
Gary Christenson,L,77,200,0,0,,,Tony Muser,7,74,180,,,,,,,
Jim Wright,R,77,205,0,0,,,Ted Martinez,7,72,165,,,,,,,
Jim Wright,R,73,165,0,0,,,Junior Moore,7,71,185,,,,,,,
Wallace Johnson,B,72,173,0.255,5,,,Orlando Mercado,7,72,180,,,,,,,
Mike Kinnunen,L,73,185,0,0,,,Marv Breeding,7,72,175,,,,,,,
Eddie Leon,R,72,170,0.236,24,,,Mel Stottlemyre,7,145,368,,,,,,,
Dave Rajsich,L,77,175,0,0,,,Lynn Jones,7,69,175,,,,,,,
Jim Wohlford,R,71,175,0.26,21,,,Mario Guerrero,7,70,155,,,,,,,
J.R. Richard,R,80,222,0.168,10,,,Juan Bonilla,7,69,170,,,,,,,
Bill Voss,L,74,160,0.227,19,,,Jim Rooker,7,72,195,,,,,,,
Keith Moreland,R,72,190,0.279,121,,,Greg Gross,7,70,160,,,,,,,
Ramon Pena,R,70,155,0,0,,,Jerry Kenney,7,73,170,,,,,,,
Alex Johnson,R,72,205,0.288,78,,,Jim Maloney,7,74,190,,,,,,,
Wayne Krenchicki,L,73,180,0.266,15,,,Doug Griffin,7,72,160,,,,,,,
Chico Escarrega,R,71,185,0,0,,,Doug Flynn,7,71,165,,,,,,,
Dave Rosello,R,71,160,0.236,10,,,Jerry Remy,7,69,165,,,,,,,
Cardell Camper,R,75,208,0,0,,,Jim Norris,7,70,175,,,,,,,
Paul Schaal,R,71,165,0.244,57,,,Jim Fairey,7,70,190,,,,,,,
Tito Landrum,R,71,175,0.249,13,,,Don Hahn,7,73,180,,,,,,,
Dave Edwards,R,72,170,0.237,14,,,Al Weis,7,72,160,,,,,,,
Mario Guerrero,R,70,155,0.257,7,,,Bud Harrelson,7,71,160,,,,,,,
Tom Tresh,B,73,180,0.245,153,,,Carl Morton,7,72,200,,,,,,,
Mike Overy,R,74,190,0,0,,,Bill Fahey,7,72,200,,,,,,,
Ron Roenicke,B,72,180,0.238,17,,,Curt Ford,7,70,150,,,,,,,
Doug Griffin,R,72,160,0.245,7,,,Ron Stone,6,74,185,,,,,,,
Steve Blass,R,72,165,0.172,1,,,Tucker Ashford,6,73,195,,,,,,,
Johnnie LeMaster,R,74,165,0.222,22,,,Rich Morales,6,71,170,,,,,,,
Craig Chamberlain,R,73,190,0,0,,,Tim Blackwell,6,71,170,,,,,,,
Nate Oliver,R,70,160,0.226,2,,,Ty Cline,6,72,170,,,,,,,
Ray Sadecki,L,71,180,0.191,5,,,Rick Sweet,6,73,200,,,,,,,
Ken Rudolph,R,73,180,0.213,6,,,Rod Kanehl,6,73,180,,,,,,,
Wayne Nordhagen,R,74,205,0.282,39,,,Steve Renko,6,77,230,,,,,,,
Biff Pocoroba,B,70,175,0.257,21,,,Wilbur Howard,6,74,170,,,,,,,
Len Matuszek,L,74,190,0.234,30,,,Terry Humphrey,6,75,185,,,,,,,
Frank Eufemia,R,71,185,0,0,,,Rich Chiles,6,71,170,,,,,,,
Joe Lefebvre,L,70,170,0.258,31,,,Mike Squires,6,71,185,,,,,,,
Jim Maloney,L,74,190,0.201,7,,,Julio Gotay,6,72,180,,,,,,,
Andre Robertson,R,70,155,0.251,5,,,John Vukovich,6,73,187,,,,,,,
Jerry Zimmerman,R,74,185,0.204,3,,,Ken Rudolph,6,73,180,,,,,,,
Jack Lazorko,R,71,200,0,0,,,Luis Pujols,6,74,175,,,,,,,
Mike Paxton,R,71,190,0,0,,,Miguel Dilone,6,72,160,,,,,,,
Chet Lemon,R,72,190,0.273,215,,,Gaylord Perry,6,76,205,,,,,,,
Rickey Keeton,R,74,190,0,0,,,Frank Tepedino,6,71,185,,,,,,,
Phil Mankowski,L,72,180,0.264,8,,,Hank Allen,6,72,190,,,,,,,
Cleon Jones,R,72,185,0.281,93,,,Catfish Hunter,6,72,190,,,,,,,
Joaquin Andujar,B,72,170,0.127,5,,,Brad Wellman,6,72,170,,,,,,,
Mike Lum,L,72,180,0.247,90,,,Buddy Biancalana,6,71,160,,,,,,,
Johnny Grubb,L,75,175,0.278,99,,,Dave Hilton,6,71,191,,,,,,,
Curt Motton,R,68,164,0.213,25,,,Bobby Klaus,6,70,170,,,,,,,
Johnny Bench,R,73,197,0.267,389,,,Dal Maxvill,6,71,157,,,,,,,
Dale Berra,R,72,180,0.236,49,,,Bob Knepper,6,75,195,,,,,,,
Terry Felton,R,73,180,0,0,,,Bob Davis,6,72,180,,,,,,,
Bob Meacham,B,73,175,0.236,8,,,Ray Sadecki,5,71,180,,,,,,,
Mark Clear,R,76,200,0,0,,,Steve Barber,5,72,195,,,,,,,
Carl Warwick,R,70,170,0.248,31,,,Roger Metzger,5,72,165,,,,,,,
Sam Bowens,R,73,188,0.223,45,,,Wallace Johnson,5,72,173,,,,,,,
George Wright,B,71,180,0.245,42,,,Tom Nieto,5,73,193,,,,,,,
Luis Aguayo,R,69,173,0.236,37,,,Tommy John,5,75,180,,,,,,,
Hal Lanier,R,74,180,0.228,8,,,Scot Thompson,5,75,195,,,,,,,
Mike Pazik,L,74,195,0,0,,,Ron Clark,5,70,175,,,,,,,
Len Randle,B,70,169,0.257,27,,,Steve Jeltz,5,71,180,,,,,,,
Greg Pryor,R,72,180,0.25,14,,,Luis Alvarado,5,69,162,,,,,,,
Jim Traber,L,72,194,0.227,27,,,Luis Tiant,5,72,180,,,,,,,
Dave Nelson,R,70,160,0.244,20,,,Mike Krukow,5,77,205,,,,,,,
Lynn Jones,R,69,175,0.252,7,,,Ken Suarez,5,69,175,,,,,,,
Bryan Little,B,70,160,0.245,3,,,Lenny Faedo,5,72,170,,,,,,,
Ken Suarez,R,69,175,0.227,5,,,Mike Sadek,5,69,165,,,,,,,
Rick Peters,B,69,170,0.277,2,,,Mike Brumley,5,70,195,,,,,,,
Ron Stone,L,74,185,0.241,6,,,Joaquin Andujar,5,72,170,,,,,,,
Rich Barnes,R,76,186,0,0,,,Jim French,5,68,180,,,,,,,
Tommie Agee,R,71,195,0.255,130,,,Gene Clines,5,69,170,,,,,,,
Bob Bailey,R,73,180,0.257,189,,,Frank Quilici,5,73,170,,,,,,,
Cap Peterson,R,74,195,0.23,19,,,Andre Robertson,5,70,155,,,,,,,
Ted Uhlaender,L,74,190,0.263,36,,,Alan Wiggins,5,74,160,,,,,,,
Ted Simmons,B,71,193,0.285,248,,,Albert Hall,5,71,155,,,,,,,
Bobby Murcer,L,71,160,0.277,252,,,Andy Messersmith,5,73,200,,,,,,,
Dick Tracewski,R,71,160,0.213,8,,,Ron Gardenhire,4,72,175,,,,,,,
Dave Frost,R,78,235,0,0,,,Tom Matchick,4,73,173,,,,,,,
Mark Souza,L,72,180,0,0,,,Rafael Landestoy,4,70,165,,,,,,,
Bill Nahorodny,R,74,200,0.241,25,,,Terry Harmon,4,74,180,,,,,,,
Bill Madlock,R,71,180,0.305,163,,,Vida Blue,4,72,189,,,,,,,
Bob Boone,R,74,195,0.254,105,,,Tommy Dean,4,72,165,,,,,,,
Rick Jones,L,77,190,0,0,,,Junior Kennedy,4,71,175,,,,,,,
Steve Kemp,L,72,195,0.278,130,,,Pat Corrales,4,72,180,,,,,,,
Rick Burleson,R,70,165,0.273,50,,,Joe Lovitto,4,72,185,,,,,,,
Jim Dorsey,R,79,190,0,0,,,Juan Marichal,4,72,185,,,,,,,
Mark Ciardi,R,72,180,0,0,,,John Donaldson,4,71,160,,,,,,,
Dennis Burtt,R,72,180,0,0,,,Larry Dierker,4,76,215,,,,,,,
Carl Taylor,R,74,200,0.266,10,,,Mario Mendoza,4,71,170,,,,,,,
Terry Harmon,R,74,180,0.233,4,,,Mike Richardt,4,72,170,,,,,,,
Mike Hargrove,L,72,195,0.29,80,,,Julio Gonzalez,4,71,162,,,,,,,
Rich Yett,R,74,187,0,0,,,Denny Lemaster,4,73,182,,,,,,,
Steve Hovley,L,70,188,0.258,8,,,Jackie Gutierrez,4,71,175,,,,,,,
Don Leppert,R,74,220,0.229,15,,,Elio Chacon,4,69,160,,,,,,,
Matt Williams,R,73,200,0,0,,,Jerry Terrell,4,71,165,,,,,,,
Jim Burton,R,75,195,0,0,,,Burt Hooton,4,73,210,,,,,,,
Rick Anderson,R,74,210,0,0,,,Skip Jutze,3,71,190,,,,,,,
Charlie Mitchell,R,75,170,0,0,,,Ron Brand,3,67,167,,,,,,,
Bill Paschall,R,72,175,0,0,,,Winston Llenas,3,70,165,,,,,,,
John Bohnet,B,72,175,0,0,,,Rob Andrews,3,72,185,,,,,,,
Byron McLaughlin,R,73,175,0,0,,,Rodney Scott,3,72,160,,,,,,,
Lee May,R,75,195,0.267,354,,,Joe Nossek,3,72,178,,,,,,,
Luis Quintana,L,74,175,0,0,,,Onix Concepcion,3,66,160,,,,,,,
Sam McDowell,L,77,190,0.154,2,,,Manny Castillo,3,69,160,,,,,,,
Rick Renick,R,72,188,0.221,20,,,Mike Fischlin,3,73,165,,,,,,,
Jeff Torborg,R,72,195,0.214,8,,,Mark Wagner,3,72,165,,,,,,,
Dave Campbell,R,73,180,0.213,20,,,Jim Lonborg,3,77,200,,,,,,,
Pat Kelly,L,73,185,0.264,76,,,Don Mason,3,71,160,,,,,,,
Al Weis,B,72,160,0.219,7,,,Jerry Dybzinski,3,74,180,,,,,,,
Jerry Turner,L,69,180,0.257,45,,,Jerry Zimmerman,3,74,185,,,,,,,
Rick Auerbach,R,72,165,0.22,9,,,Dave Skaggs,3,74,200,,,,,,,
Keith Macwhorter,R,76,190,0,0,,,Bryan Little,3,70,160,,,,,,,
Don Wilson,R,74,195,0.146,1,,,Ron Theobald,2,68,165,,,,,,,
Jaime Cocanower,R,76,200,0,0,,,Sam McDowell,2,77,190,,,,,,,
Jeff Sellers,R,73,175,0,0,,,Rudy Meoli,2,69,165,,,,,,,
Sandy Valdespino,L,68,170,0.23,7,,,Tom Lawless,2,71,170,,,,,,,
Steve Senteney,R,74,205,0,0,,,Rick Peters,2,69,170,,,,,,,
Howard Bailey,R,72,195,0,0,,,Woodie Fryman,2,75,197,,,,,,,
Jeff Bettendorf,R,75,180,0,0,,,Jose Tartabull,2,71,165,,,,,,,
Ken Phelps,L,73,209,0.239,123,,,Ken Holtzman,2,74,175,,,,,,,
Cesar Cedeno,R,74,175,0.285,199,,,Mike Champion,2,72,185,,,,,,,
Bob Davidson,R,72,185,0,0,,,Nate Oliver,2,70,160,,,,,,,
Phil Linz,R,73,180,0.235,11,,,Mike Ramsey,2,73,170,,,,,,,
Manny Mota,R,70,160,0.304,31,,,Mike Edwards,2,70,154,,,,,,,
Brian Snyder,L,75,185,0,0,,,Enzo Hernandez,2,68,155,,,,,,,
Steve Renko,R,77,230,0.215,6,,,Jerry Koosman,2,74,205,,,,,,,
Rick Sofield,L,73,195,0.243,9,,,Frank Taveras,2,72,155,,,,,,,
Carlos Velazquez,R,71,180,0,0,,,Fritz Peterson,2,72,185,,,,,,,
Roger Miller,R,75,200,0,0,,,Glenn Burke,2,72,195,,,,,,,
Doug DeCinces,R,74,190,0.259,237,,,Jack Perconte,2,70,160,,,,,,,
John Castino,R,71,175,0.278,41,,,Al Downing,2,71,175,,,,,,,
Dave May,L,70,186,0.251,96,,,Angel Salazar,2,72,180,,,,,,,
Ron Washington,R,71,155,0.261,20,,,Danny Ainge,2,76,175,,,,,,,
Billy Grabarkewitz,R,70,165,0.236,28,,,Barry Evans,2,73,180,,,,,,,
Willie Aikens,L,75,220,0.271,110,,,Chico Ruiz,2,72,169,,,,,,,
Earl Williams,R,75,215,0.247,138,,,Ray Culp,1,72,200,,,,,,,
Willie Mueller,R,76,220,0,0,,,Woody Woodward,1,74,180,,,,,,,
John Flinn,R,72,175,0,0,,,Steve Blass,1,72,165,,,,,,,
Don Hahn,R,73,180,0.236,7,,,Ray Burris,1,77,200,,,,,,,
Todd Cruz,R,72,175,0.22,34,,,Joe Strain,1,70,169,,,,,,,
Tom Egan,R,76,218,0.2,22,,,Joe Niekro,1,73,185,,,,,,,
Bob Heise,R,72,175,0.247,1,,,Jose Arcia,1,75,170,,,,,,,
Tommy Harper,R,69,165,0.257,146,,,Mario Soto,1,72,174,,,,,,,
Joe Wallis,B,71,180,0.244,16,,,Pepe Frias,1,70,159,,,,,,,
Max Alvis,R,71,185,0.247,111,,,Denny McLain,1,73,185,,,,,,,
Rico Carty,R,75,200,0.299,204,,,Duane Kuiper,1,72,175,,,,,,,
Mike Cubbage,L,72,180,0.258,34,,,Jerry Reuss,1,77,200,,,,,,,
Les Straker,R,73,193,0,0,,,Jim Barr,1,75,205,,,,,,,
Merritt Ranew,L,71,170,0.247,8,,,Gary Nolan,1,74,197,,,,,,,
Lyman Bostock,L,73,180,0.311,23,,,Dick Ruthven,1,75,190,,,,,,,
Damaso Garcia,R,73,165,0.283,36,,,Don Wilson,1,74,195,,,,,,,
Don Kainer,R,75,205,0,0,,,Gil Garrido,1,69,150,,,,,,,
Don Gordon,R,73,175,0,0,,,Darrell Brown,1,72,184,,,,,,,
Roy Howell,L,73,190,0.261,80,,,Bruce Miller,1,73,185,,,,,,,
Boog Powell,L,76,230,0.266,339,,,Bob Randall,1,74,175,,,,,,,
Sandy Wihtol,R,73,195,0,0,,,Bob Heise,1,72,175,,,,,,,
Sonny Siebert,R,75,190,0.173,12,,,Brock Davis,1,70,160,,,,,,,
Jeff Richardson,R,75,185,0,0,,,Steve Davis,0,73,195,,,,,,,
Bobby Darwin,R,74,190,0.251,83,,,Randy Nosek,0,76,215,,,,,,,
Dennis DeBarr,L,74,190,0,0,,,Rafael Vasquez,0,72,160,,,,,,,
Dan Driessen,L,71,187,0.267,153,,,Ralph Botting,0,72,195,,,,,,,
Bruce Miller,R,73,185,0.246,1,,,Randy Scarbery,0,73,185,,,,,,,
Bob Bailor,R,71,170,0.264,9,,,Ron Romanick,0,76,195,,,,,,,
Tommy Helms,R,70,165,0.269,34,,,Steve Ellsworth,0,80,220,,,,,,,
Tony Armas,R,71,182,0.252,251,,,Stan Thomas,0,74,185,,,,,,,
Willie Horton,R,71,209,0.273,325,,,Rick Lysander,0,74,190,,,,,,,
Lou Piniella,R,72,182,0.291,102,,,T.R. Bryden,0,76,190,,,,,,,
Butch Hobson,R,73,193,0.248,98,,,Tom Dozier,0,74,190,,,,,,,
John Wathan,R,74,205,0.262,21,,,Stefan Wever,0,80,245,,,,,,,
Hal King,L,73,200,0.214,24,,,Tom Klawitter,0,74,190,,,,,,,
Mike Krukow,R,77,205,0.193,5,,,(blank),,,,,,,,,,
Andres Mora,R,72,180,0.223,27,,,Steve Eddy,0,74,185,,,,,,,
Barry Foote,R,75,205,0.23,57,,,Reggie Ritter,0,74,195,,,,,,,
Ed Ott,L,70,190,0.259,33,,,Ron Musselman,0,74,185,,,,,,,
Alan Wiggins,B,74,160,0.259,5,,,Steve Barr,0,76,200,,,,,,,
Ron Clark,R,70,175,0.189,5,,,Ron Reed,0,78,215,,,,,,,
Jay Pettibone,R,76,182,0,0,,,Steve Senteney,0,74,205,,,,,,,
Glen Cook,R,71,180,0,0,,,Rick Anderson,0,74,210,,,,,,,
Julio Gotay,R,72,180,0.26,6,,,Rick Steirer,0,76,200,,,,,,,
Gary Alexander,R,74,195,0.23,55,,,Roger Weaver,0,75,190,,,,,,,
Andre Thornton,R,75,200,0.254,253,,,Rich Yett,0,74,187,,,,,,,
Bob Oliver,R,75,205,0.256,94,,,Willie Mueller,0,76,220,,,,,,,
Bill Castro,R,71,170,0,0,,,Steve Brown,0,77,200,,,,,,,
Ed Hodge,L,74,192,0,0,,,Steve Rogers,0,74,175,,,,,,,
Tom Buskey,R,75,200,0,0,,,Rick Henninger,0,78,225,,,,,,,
Bruce Taylor,R,72,178,0,0,,,Tom Makowski,0,71,185,,,,,,,
Stan Thomas,R,74,185,0,0,,,Rick Jones,0,77,190,,,,,,,
Bob Robertson,R,73,195,0.242,115,,,Phil Huffman,0,74,180,,,,,,,
Larry Monroe,R,76,200,0,0,,,Terry Felton,0,73,180,,,,,,,
Roger Slagle,R,75,190,0,0,,,Vance Lovelace,0,77,205,,,,,,,
Ollie Brown,R,74,178,0.265,102,,,Rickey Keeton,0,74,190,,,,,,,
Jim Campbell,L,71,175,0,0,,,Roy Branch,0,72,175,,,,,,,
Frank Quilici,R,73,170,0.214,5,,,Randy Wiles,0,73,185,,,,,,,
Curt Kaufman,R,74,175,0,0,,,Ramon Pena,0,70,155,,,,,,,
Joe Pepitone,L,74,185,0.258,219,,,Tony Arnold,0,71,170,,,,,,,
Steve Barber,L,72,195,0.115,5,,,Sandy Wihtol,0,73,195,,,,,,,
De Wayne Vaughn,R,71,180,0,0,,,Tony Chevez,0,71,177,,,,,,,
Norm Miller,L,70,185,0.238,24,,,Tim Johnson,0,73,170,,,,,,,
Bob Galasso,L,73,205,0,0,,,Ramon Manon,0,72,150,,,,,,,
Rich Wortham,R,72,185,0,0,,,Randy Jones,0,72,178,,,,,,,
Bob Chance,L,74,196,0.261,24,,,Roger Miller,0,75,200,,,,,,,
Julio Cruz,B,69,165,0.237,23,,,Shawn Holman,0,74,185,,,,,,,
Bill Sample,R,69,175,0.272,46,,,Todd Fischer,0,70,170,,,,,,,
Juan Nieves,L,75,175,0,0,,,Tom McCarthy,0,72,180,,,,,,,
Mike Bacsik,R,74,180,0,0,,,Tom Brown,0,73,170,,,,,,,
Craig Kusick,R,75,210,0.235,46,,,Sherman Corbett,0,76,205,,,,,,,
Rudy Meoli,L,69,165,0.212,2,,,Tony Ferreira,0,73,160,,,,,,,
Ruppert Jones,L,70,170,0.25,147,,,Roger Slagle,0,75,190,,,,,,,
Glenn Hoffman,R,73,175,0.242,23,,,Steve Burke,0,74,200,,,,,,,
Russ Gibson,R,73,195,0.228,8,,,Tom Buskey,0,75,200,,,,,,,
Phil Huffman,R,74,180,0,0,,,Sam Hinds,0,78,215,,,,,,,
Terry Francona,L,73,190,0.274,16,,,Rich Wortham,0,72,185,,,,,,,
John Bateman,R,75,210,0.23,81,,,Tony Mack,0,70,177,,,,,,,
Luis Pujols,R,74,175,0.193,6,,,Tom Gilles,0,73,185,,,,,,,
Joe Gaines,R,73,190,0.241,21,,,Steve Cummings,0,74,200,,,,,,,
Doug Rader,R,74,208,0.251,155,,,Rich Barnes,0,76,186,,,,,,,
Mickey Stanley,R,73,185,0.248,117,,,Ray Chadwick,0,74,180,,,,,,,
Steve Brown,R,77,200,0,0,,,Win Remmerswaal,0,74,160,,,,,,,
Rick Lysander,R,74,190,0,0,,,Rob Woodward,0,75,185,,,,,,,
Phil Bradley,R,72,185,0.286,78,,,Steve Curry,0,78,217,,,,,,,
Winston Llenas,R,70,165,0.23,3,,,Terry Taylor,0,73,180,,,,,,,
Charlie Moore,R,71,180,0.261,36,,,Zach Crouch,0,75,180,,,,,,,
Ralph Garr,L,71,185,0.306,75,,,Rick Kreuger,0,74,185,,,,,,,
Tommy John,R,75,180,0.157,5,,,Terry Wilshusen,0,74,210,,,,,,,
Bruce Benedict,R,73,175,0.242,18,,,Steve Adkins,0,78,210,,,,,,,
John Ellis,R,74,225,0.262,69,,,John Hoover,0,74,190,,,,,,,
Wes Parker,B,73,180,0.267,64,,,Larry Pashnick,0,75,205,,,,,,,
Mel Stottlemyre,R,72,190,0,0,,,Larry Monroe,0,76,200,,,,,,,
David Green,R,75,170,0.268,31,,,Larry Anderson,0,75,190,,,,,,,
Reid Nichols,R,71,165,0.266,22,,,Ozzie Osborn,0,74,195,,,,,,,
Rick Reichardt,R,75,210,0.261,116,,,Jose Roman,0,72,175,,,,,,,
Luis Tiant,R,72,180,0.164,5,,,Len Whitehouse,0,71,175,,,,,,,
Alex Sanchez,R,74,185,0,0,,,Mike Darr,0,76,190,,,,,,,
Broderick Perkins,L,70,180,0.271,8,,,Luis Sanchez,0,74,170,,,,,,,
Leon Roberts,R,75,200,0.267,78,,,Luis Encarnacion,0,70,178,,,,,,,
Ray Burris,R,77,200,0.151,1,,,John Hobbs,0,75,190,,,,,,,
Len Gabrielson,L,76,210,0.253,37,,,Mark Brown,0,74,190,,,,,,,
Johnny Edwards,L,76,220,0.242,81,,,John Denny,0,75,185,,,,,,,
Paul Wilmet,R,71,170,0,0,,,Mark Ciardi,0,72,180,,,,,,,
Tom Grieve,R,74,190,0.249,65,,,Paul Mitchell,0,73,195,,,,,,,
Bruce Ellingsen,L,72,180,0,0,,,Juan Nieves,0,75,175,,,,,,,
Bob Forsch,R,76,200,0.213,12,,,Larry Lintz,0,69,150,,,,,,,
Gorman Heimueller,L,76,195,0,0,,,Mark Clear,0,76,200,,,,,,,
Danny Cater,R,72,170,0.276,66,,,Nardi Contreras,0,74,193,,,,,,,
Bill Schroeder,R,74,200,0.24,61,,,John Pawlowski,0,74,175,,,,,,,
Clay Dalrymple,L,72,190,0.233,55,,,John Butcher,0,76,185,,,,,,,
Carlos May,L,71,200,0.274,90,,,Mike Jones,0,78,215,,,,,,,
Reggie Smith,B,72,180,0.287,314,,,Lafayette Currence,0,71,175,,,,,,,
Ron Reed,R,78,215,0.158,0,,,John Poloni,0,77,210,,,,,,,
Fred Howard,R,75,190,0,0,,,Oswaldo Peraza,0,76,172,,,,,,,
Davey Johnson,R,73,170,0.261,136,,,Mike Kinnunen,0,73,185,,,,,,,
Ellis Valentine,R,76,205,0.278,123,,,Mickey Lolich,0,73,170,,,,,,,
Roy White,B,70,160,0.271,160,,,Mark Esser,0,73,190,,,,,,,
Mike Brumley,L,70,195,0.229,5,,,John Leister,0,74,200,,,,,,,
Al Luplow,L,70,175,0.235,33,,,Mike Loynd,0,76,210,,,,,,,
John Hoover,R,74,190,0,0,,,Paul Hartzell,0,77,200,,,,,,,
Dick Allen,R,71,187,0.292,351,,,Mark Mercer,0,77,220,,,,,,,
Doug Ault,R,75,200,0.236,17,,,Karl Best,0,76,190,,,,,,,
Mark Wagner,R,72,165,0.243,3,,,Mike Overy,0,74,190,,,,,,,
Mike Walters,R,77,203,0,0,,,Mike Willis,0,74,205,,,,,,,
Willie Stargell,L,74,188,0.282,475,,,Mike Parrott,0,76,210,,,,,,,
Steve Carlton,L,76,210,0.201,13,,,John LaRose,0,73,185,,,,,,,
Jake Wood,R,73,163,0.25,35,,,Mike Paxton,0,71,190,,,,,,,
Del Unser,L,73,180,0.258,87,,,Narciso Elvira,0,70,160,,,,,,,
Bob Brower,R,71,185,0.242,17,,,Mike Pazik,0,74,195,,,,,,,
Ray Culp,R,72,200,0.123,1,,,John Trautwein,0,75,205,,,,,,,
Ivan Murrell,R,74,195,0.236,33,,,Mark Smith,0,74,215,,,,,,,
Lee Mazzilli,B,73,180,0.259,93,,,Leon Hooten,0,71,180,,,,,,,
Garth Iorg,R,71,170,0.258,20,,,Mark Souza,0,72,180,,,,,,,
Alan Ashby,B,74,185,0.245,90,,,Les Straker,0,73,193,,,,,,,
Bob Brenly,R,74,210,0.247,91,,,Luis Gomez,0,69,150,,,,,,,
Ron Blomberg,L,73,195,0.293,52,,,Larry Rothschild,0,74,180,,,,,,,
Jim Rooker,R,72,195,0.201,7,,,Mike Rochford,0,76,205,,,,,,,
Tim Blackwell,B,71,170,0.228,6,,,Mick Kelleher,0,69,176,,,,,,,
Colby Ward,R,74,185,0,0,,,Marty Martinez,0,72,170,,,,,,,
Jerry Morales,R,70,155,0.259,95,,,Kevin Bearse,0,74,195,,,,,,,
Davey Lopes,R,69,170,0.263,155,,,Joe Skalski,0,75,190,,,,,,,
Catfish Hunter,R,72,190,0.226,6,,,John Caneira,0,75,180,,,,,,,
Mario Soto,R,72,174,0.132,1,,,Keith Macwhorter,0,76,190,,,,,,,
Jimmy Wynn,R,70,160,0.25,291,,,Joe Pactwa,0,71,185,,,,,,,
Hank Allen,R,72,190,0.241,6,,,Luis Quintana,0,74,175,,,,,,,
Jim Fregosi,R,73,190,0.265,151,,,Jose Cecena,0,71,180,,,,,,,
Pepe Frias,R,70,159,0.24,1,,,Mike Smith,0,75,180,,,,,,,
Mike Schmidt,R,74,195,0.267,548,,,Pat Underwood,0,72,175,,,,,,,
Willie Montanez,L,72,170,0.275,139,,,Mike Smithson,0,80,215,,,,,,,
Rey Quinones,R,71,160,0.243,29,,,Paul Boris,0,74,200,,,,,,,
Mike Squires,L,71,185,0.26,6,,,Matt Williams,0,73,200,,,,,,,
Champ Summers,L,74,205,0.255,54,,,Kevin Mmahat,0,77,220,,,,,,,
Chuck Porter,R,75,187,0,0,,,Mike Trujillo,0,73,180,,,,,,,
Bert Campaneris,R,70,160,0.259,79,,,Kevin Stanfield,0,72,190,,,,,,,
Bobby Valentine,R,70,189,0.26,12,,,Joe Horlen,0,72,170,,,,,,,
Rob Andrews,R,72,185,0.251,3,,,Mike Bacsik,0,74,180,,,,,,,
Tom Haller,L,76,195,0.257,134,,,John Flinn,0,72,175,,,,,,,
Tom Dozier,R,74,190,0,0,,,Paul Wilmet,0,71,170,,,,,,,
Ed Stroud,L,71,180,0.237,14,,,Joel Davis,0,77,205,,,,,,,
Ron Swoboda,R,74,195,0.242,73,,,Luis Aponte,0,72,185,,,,,,,
Harry Spilman,L,73,180,0.237,18,,,Keith Creel,0,74,180,,,,,,,
Bob Barton,R,72,175,0.226,9,,,John Bohnet,0,72,175,,,,,,,
Daryl Sconiers,L,74,185,0.265,15,,,Pete Filson,0,74,195,,,,,,,
Joe Torre,R,74,212,0.297,252,,,Mike Walters,0,77,203,,,,,,,
Al Ferrara,R,73,200,0.259,51,,,Joel McKeon,0,72,185,,,,,,,
Rick Steirer,R,76,200,0,0,,,Mike Warren,0,73,175,,,,,,,
Sixto Lezcano,R,70,165,0.271,148,,,Gary Christenson,0,77,200,,,,,,,
Al Lachowicz,R,75,198,0,0,,,De Wayne Vaughn,0,71,180,,,,,,,
Dave Nicholson,R,74,215,0.212,61,,,Dennis DeBarr,0,74,190,,,,,,,
Freddie Patek,R,65,148,0.242,41,,,Jerry Garvin,0,75,195,,,,,,,
Ken Hubbs,R,74,175,0.247,14,,,Jim Siwy,0,76,200,,,,,,,
Pepe Mangual,R,70,157,0.242,16,,,Eric Hetzel,0,75,175,,,,,,,
Leron Lee,L,72,196,0.25,31,,,Don Sutton,0,73,185,,,,,,,
Tom McCarthy,R,72,180,0,0,,,Gary Lance,0,75,195,,,,,,,
Steve Ontiveros,B,72,185,0.274,24,,,Israel Sanchez,0,69,170,,,,,,,
Willie Davis,L,74,180,0.279,182,,,Dennis Burtt,0,72,180,,,,,,,
Tom Lawless,R,71,170,0.207,2,,,Don Cooper,0,73,185,,,,,,,
Jerry Moses,R,75,210,0.251,25,,,Jeff Jones,0,75,210,,,,,,,
Bobby Bonds,R,73,190,0.268,332,,,Jim Umbarger,0,78,200,,,,,,,
Dave McNally,R,71,185,0.133,9,,,Jerry Kutzler,0,73,175,,,,,,,
Darrell Brown,B,72,184,0.274,1,,,Jim Farr,0,73,195,,,,,,,
Roy Foster,R,72,185,0.253,45,,,Fred Howard,0,75,190,,,,,,,
Denis Menke,R,72,185,0.25,101,,,Fernando Arroyo,0,74,180,,,,,,,
Hal Breeden,R,74,200,0.243,21,,,Dave Smith,0,73,190,,,,,,,
Manny Trillo,R,73,150,0.263,61,,,Jim Lewis,0,75,190,,,,,,,
Jackie Gutierrez,R,71,175,0.237,4,,,Don Kainer,0,75,205,,,,,,,
Jerry Kenney,L,73,170,0.237,7,,,Frank Eufemia,0,71,185,,,,,,,
Fred Kendall,R,73,185,0.234,31,,,Fred Norman,0,68,155,,,,,,,
Mike Anderson,R,74,200,0.246,28,,,Greg Erardi,0,73,190,,,,,,,
Jim Lewis,R,75,190,0,0,,,Jeff Peterek,0,74,195,,,,,,,
Joe Charboneau,R,74,205,0.266,29,,,Jerry Augustine,0,72,183,,,,,,,
Jimmie Schaffer,R,69,170,0.223,11,,,Jeff Richardson,0,75,185,,,,,,,
Junior Kennedy,R,71,175,0.248,4,,,Gary Ignasiak,0,71,185,,,,,,,
Wilbur Howard,B,74,170,0.25,6,,,Gary Mielke,0,75,185,,,,,,,
Rod Gilbreath,R,74,180,0.248,14,,,Jim Wright,0,150,370,,,,,,,
Mark Brouhard,R,73,210,0.259,25,,,Howard Bailey,0,72,195,,,,,,,
Dan Morogiello,L,73,200,0,0,,,Ike Brookens,0,77,170,,,,,,,
Mike Young,B,74,195,0.247,72,,,Jeff Rineer,0,76,205,,,,,,,
Chris Speier,R,73,175,0.246,112,,,Don Gordon,0,73,175,,,,,,,
Gene Michael,B,74,183,0.229,15,,,De Wayne Buice,0,72,170,,,,,,,
Vic Harris,B,71,165,0.217,13,,,Jim Gideon,0,75,190,,,,,,,
Mike Fischlin,R,73,165,0.22,3,,,Jack Lazorko,0,71,200,,,,,,,
Don Money,R,73,170,0.261,176,,,Dewey Robinson,0,72,180,,,,,,,
Joe Rudi,R,74,200,0.264,179,,,Jeff Schattinger,0,77,200,,,,,,,
Jim Rice,R,74,200,0.298,382,,,Gorman Heimueller,0,76,195,,,,,,,
Shawn Holman,R,74,185,0,0,,,Jerry Ujdur,0,73,195,,,,,,,
Alan Wirth,R,76,190,0,0,,,Jeff Twitty,0,74,185,,,,,,,
Gil Garrido,R,69,150,0.237,1,,,Jeff Schneider,0,75,195,,,,,,,
Marty Perez,R,71,160,0.246,22,,,Jeff Byrd,0,75,195,,,,,,,
Tom Matchick,L,73,173,0.215,4,,,Jeff Sellers,0,73,175,,,,,,,
Jack Perconte,L,70,160,0.27,2,,,Don Welchel,0,76,205,,,,,,,
Ed Kirkpatrick,L,71,195,0.238,85,,,Gary Wheelock,0,75,205,,,,,,,
Jerry Grote,R,70,185,0.252,39,,,Jay Pettibone,0,76,182,,,,,,,
Ellie Hendricks,L,73,175,0.22,62,,,Dean Chance,0,75,200,,,,,,,
Jim Beauchamp,R,74,190,0.231,14,,,Ed Crosby,0,74,175,,,,,,,
Terry Wilshusen,R,74,210,0,0,,,Glen Cook,0,71,180,,,,,,,
Tito Fuentes,B,71,175,0.268,45,,,Jack Hardy,0,74,175,,,,,,,
Ron Brand,R,67,167,0.239,3,,,Jeff Shaver,0,75,195,,,,,,,
Leo Cardenas,R,71,150,0.257,118,,,Jeff Barkley,0,75,185,,,,,,,
Art Shamsky,L,73,168,0.253,68,,,Ed Hodge,0,74,192,,,,,,,
Steve Ellsworth,R,80,220,0,0,,,Eric Wilkins,0,73,190,,,,,,,
Ron Cey,R,70,185,0.261,316,,,Jim Burton,0,75,195,,,,,,,
Skip Jutze,R,71,190,0.215,3,,,Greg Thayer,0,71,182,,,,,,,
Butch Wynegar,B,73,190,0.255,65,,,Jim Campbell,0,71,175,,,,,,,
Ron LeFlore,R,72,200,0.288,59,,,Jeff Bettendorf,0,75,180,,,,,,,
Bill Russell,R,72,175,0.263,46,,,Jim Dorsey,0,79,190,,,,,,,
Gene Tenace,R,72,190,0.241,201,,,Gary Beare,0,76,205,,,,,,,
Bubba Morton,R,70,175,0.267,14,,,Jaime Cocanower,0,76,200,,,,,,,
Ellie Rodriguez,R,71,185,0.245,16,,,Jeff Holly,0,77,210,,,,,,,
Darrel Chaney,B,74,188,0.217,14,,,Frank Dimichele,0,75,205,,,,,,,
Dick Nen,L,74,200,0.224,21,,,Gil Patterson,0,73,185,,,,,,,
Bryan Kelly,R,74,195,0,0,,,Francisco Barrios,0,71,155,,,,,,,
Bill Freehan,R,75,203,0.262,200,,,Jack Billingham,0,76,195,,,,,,,
Steve Nicosia,R,70,185,0.248,11,,,Bob Galasso,0,73,205,,,,,,,
Ted Savage,R,73,185,0.233,34,,,Bob Fallon,0,75,200,,,,,,,
Pete Mackanin,R,74,190,0.226,30,,,Bill Fulton,0,75,195,,,,,,,
Rich Dauer,R,72,180,0.257,43,,,Clay Christiansen,0,77,205,,,,,,,
Mick Kelleher,R,69,176,0.213,0,,,Bill Wilkinson,0,70,160,,,,,,,
Rowland Office,L,72,170,0.259,32,,,Chuck Hockenbery,0,73,195,,,,,,,
Rick Leach,L,73,180,0.268,18,,,Alfredo Martinez,0,75,185,,,,,,,
Dwayne Murphy,L,73,185,0.246,166,,,Bobby Cuellar,0,71,188,,,,,,,
Larry Harlow,L,74,185,0.248,12,,,Daryl Smith,0,76,185,,,,,,,
Mike Epstein,L,75,230,0.244,130,,,Angel Moreno,0,69,165,,,,,,,
Jerry Mumphrey,B,74,185,0.289,70,,,Alex Sanchez,0,74,185,,,,,,,
Don Sutton,R,73,185,0.144,0,,,Al Jones,0,76,210,,,,,,,
Glenn Beckert,R,73,190,0.283,22,,,Bob Ferris,0,78,225,,,,,,,
Ron Davis,R,72,175,0.233,10,,,Clint Zavaras,0,73,175,,,,,,,
Mike Shannon,R,75,195,0.255,68,,,Danny Fife,0,75,175,,,,,,,
Jason Thompson,L,76,200,0.261,208,,,Brian Allard,0,73,175,,,,,,,
Wayne Tolleson,B,69,160,0.241,9,,,Allan Ramirez,0,70,180,,,,,,,
John Leister,R,74,200,0,0,,,Colby Ward,0,74,185,,,,,,,
Don Cooper,R,73,185,0,0,,,Bob Didier,0,72,190,,,,,,,
Mike Jorgensen,L,72,195,0.243,95,,,Bruce Ellingsen,0,72,180,,,,,,,
Ed Romero,R,71,160,0.247,8,,,Chico Escarrega,0,71,185,,,,,,,
Rick Joseph,R,73,192,0.243,13,,,Craig Chamberlain,0,73,190,,,,,,,
Cecil Cooper,L,74,165,0.298,241,,,Bill Mooneyham,0,72,175,,,,,,,
Bill Almon,R,75,180,0.254,36,,,Craig Eaton,0,71,175,,,,,,,
Joe Ferguson,R,74,200,0.24,122,,,Dave Frost,0,78,235,,,,,,,
Jeff Jones,R,75,210,0,0,,,Cardell Camper,0,75,208,,,,,,,
Jerry Terrell,R,71,165,0.253,4,,,Bill Moran,0,76,210,,,,,,,
John Poloni,L,77,210,0,0,,,Craig Mitchell,0,75,180,,,,,,,
Dave Revering,L,76,210,0.265,62,,,Brian Snyder,0,75,185,,,,,,,
Curt Ford,L,70,150,0.245,7,,,Bob Kammeyer,0,76,210,,,,,,,
Jerry Dybzinski,R,74,180,0.234,3,,,Britt Burns,0,77,215,,,,,,,
Mike Willis,L,74,205,0,0,,,Craig Robinson,0,70,165,,,,,,,
Bob Burda,L,71,174,0.224,13,,,Bob Davidson,0,72,185,,,,,,,
Jesse Gonder,L,70,180,0.251,26,,,Chuck Porter,0,75,187,,,,,,,
Gary Sutherland,R,72,185,0.243,24,,,Bob Babcock,0,77,210,,,,,,,
Bob Coluccio,R,71,183,0.22,26,,,Bruce Robbins,0,73,190,,,,,,,
Dave Rader,L,71,165,0.257,30,,,Butch Edge,0,75,203,,,,,,,
Ron Gardenhire,R,72,175,0.232,4,,,Curt Kaufman,0,74,175,,,,,,,
Bill Sharp,L,70,178,0.255,9,,,Charlie Mitchell,0,75,170,,,,,,,
Alan Bannister,R,71,170,0.27,19,,,Bruce Tanner,0,75,220,,,,,,,
Bob Watson,R,72,201,0.295,184,,,Barry Raziano,0,70,175,,,,,,,
Ken Harrelson,R,74,190,0.239,131,,,Curt Wardle,0,77,220,,,,,,,
Bobby Wine,R,73,187,0.215,30,,,Ben Callahan,0,79,230,,,,,,,
Stefan Wever,R,80,245,0,0,,,Bruce Taylor,0,72,178,,,,,,,
John Kennedy,R,72,185,0.225,32,,,Bud Anderson,0,75,210,,,,,,,
Chico Ruiz,B,72,169,0.24,2,,,Bryan Clutterbuck,0,76,223,,,,,,,
Dave Johnson,R,73,183,0,0,,,Albert Williams,0,76,190,,,,,,,
Gail Hopkins,L,70,198,0.266,25,,,Carlos Velazquez,0,71,180,,,,,,,
Doug Frobel,L,76,196,0.201,20,,,Andy Replogle,0,77,205,,,,,,,
Luis Melendez,R,72,165,0.248,9,,,Bryan Kelly,0,74,195,,,,,,,
Jerry Augustine,L,72,183,0,0,,,Dave Ford,0,76,190,,,,,,,
Bill Plummer,R,73,190,0.188,14,,,Al Lachowicz,0,75,198,,,,,,,
Buck Rodgers,B,74,190,0.232,31,,,Chris Batton,0,76,195,,,,,,,
Phil Niekro,R,73,180,0.169,7,,,Barry Cort,0,77,210,,,,,,,
Jeff Holly,L,77,210,0,0,,,Dave Johnson,0,73,183,,,,,,,
Tom Poquette,L,70,175,0.268,10,,,Bill Castro,0,71,170,,,,,,,
Eric Hetzel,R,75,175,0,0,,,Dave Lemanczyk,0,76,235,,,,,,,
Brian Asselstine,L,73,175,0.254,12,,,Bryan Oelkers,0,75,192,,,,,,,
Rick Miller,L,72,175,0.269,28,,,Bob Veale,0,78,212,,,,,,,
Ed Charles,R,70,170,0.263,86,,,Dan Morogiello,0,73,200,,,,,,,
Luis Gomez,R,69,150,0.21,0,,,Chris Knapp,0,77,195,,,,,,,
Dave Lemanczyk,R,76,235,0,0,,,Dave Rajsich,0,77,175,,,,,,,
Al Jones,R,76,210,0,0,,,Bill Paschall,0,72,175,,,,,,,
Floyd Rayford,R,70,190,0.244,38,,,Andy Beene,0,75,205,,,,,,,
Sam Hinds,R,78,215,0,0,,,Bert Bradley,0,73,190,,,,,,,
Tony Conigliaro,R,75,185,0.264,166,,,Alan Wirth,0,76,190,,,,,,,
Clay Christiansen,R,77,205,0,0,,,Brian Denman,0,76,205,,,,,,,
Jim Barr,R,75,205,0.162,1,,,Bob Veselic,0,72,175,,,,,,,
Jerry Remy,L,69,165,0.275,7,,,Cesar Gutierrez,0,69,155,,,,,,,
Larry Rothschild,L,74,180,0,0,,,Byron McLaughlin,0,73,175,,,,,,,
Frank Duffy,R,73,180,0.232,26,,,Brian Dubois,0,70,165,,,,,,,
Gary Lance,B,75,195,0,0,,,Grand Total,52481,84179,213482,,,,,,,
Tom O'Malley,L,72,180,0.256,13,,,,,,,,,,,,,
Phil Garner,R,70,175,0.26,109,,,,,,,,,,,,,
Larry Pashnick,R,75,205,0,0,,,,,,,,,,,,,
Todd Fischer,R,70,170,0,0,,,,,,,,,,,,,
